time,demand
1,1.142
2,1.342
3,0.999
4,0.933
5,1.026
6,0.647
7,0.360
8,0.497
9,0.942
10,0.972
11,0.811
12,2.514
13,0.747
14,0.966
15,1.373
16,1.327
17,1.276
18,1.285
19,1.016
20,0.603
21,0.694
22,1.881
23,0.845
24,0.993
25,1.075
26,1.186
27,1.137
28,0.696
29,0.368
30,0.276
31,0.435
32,0.400
33,0.518
34,0.963
35,0.902
36,2.253
37,0.889
38,1.380
39,1.318
40,1.379
41,1.196
42,0.915
43,0.796
44,0.529
45,0.734
46,1.963
47,0.664
48,0.718
49,0.957
50,1.008
51,0.891
52,0.672
53,0.703
54,0.342
55,0.473
56,0.417
57,0.786
58,0.991
59,0.998
60,2.171
61,0.754
62,1.309
63,1.334
64,1.301
65,1.334
66,1.095
67,0.844
68,0.465
69,0.799
70,3.277
71,1.437
72,1.168
73,0.966
74,2.549
75,1.406
76,0.935
77,0.549
78,0.419
79,0.441
80,0.886
81,0.950
82,0.944
83,0.969
84,2.179
85,0.843
86,0.678
87,1.557
88,1.337
89,1.101
90,0.946
91,0.918
92,0.525
93,1.114
94,2.848
95,0.921
96,1.711
97,1.803
98,1.184
99,1.157
100,0.704
101,0.420
102,0.456
103,0.427
104,0.516
105,0.909
106,0.917
107,0.738
108,2.392
109,0.780
110,1.256
111,1.440
112,1.043
113,1.079
114,1.799
115,2.171
116,2.096
117,1.400
118,2.248
119,1.102
120,1.527
121,1.287
122,4.004
123,1.798
124,0.866
125,0.375
126,0.303
127,0.345
128,0.295
129,0.937
130,0.945
131,0.966
132,2.480
133,0.755
134,1.151
135,1.304
136,1.244
137,1.162
138,2.340
139,2.337
140,0.453
141,1.497
142,4.278
143,0.436
144,0.785
145,1.085
146,1.014
147,0.999
148,0.818
149,0.458
150,0.265
151,0.314
152,0.379
153,0.945
154,0.895
155,0.759
156,2.560
157,0.942
158,0.903
159,1.187
160,1.418
161,1.126
162,1.069
163,0.795
164,0.448
165,1.224
166,4.598
167,1.541
168,1.126
169,1.793
170,1.176
171,1.072
172,2.718
173,0.273
174,0.368
175,0.349
176,0.329
177,0.810
178,0.871
179,0.682
180,2.494
181,0.850
182,1.270
183,1.248
184,0.724
185,0.541
186,0.568
187,0.508
188,0.653
189,0.685
190,2.273
191,1.033
192,1.315
193,1.410
194,3.740
195,2.267
196,1.025
197,0.635
198,0.383
199,0.404
200,0.399
201,0.361
202,0.757
203,0.900
204,1.911
205,0.680
206,1.148
207,0.848
208,1.217
209,1.433
210,0.998
211,0.715
212,0.428
213,0.677
214,2.147
215,0.489
216,0.754
217,1.418
218,2.493
219,0.772
220,0.473
221,0.286
222,0.272
223,0.273
224,0.298
225,0.391
226,0.824
227,0.775
228,2.008
229,0.799
230,0.867
231,0.974
232,1.199
233,1.033
234,1.127
235,2.475
236,1.269
237,0.641
238,2.041
239,0.842
240,0.939
241,0.650
242,0.628
243,0.975
244,0.621
245,0.343
246,0.266
247,0.291
248,0.527
249,0.828
250,0.936
251,0.970
252,2.316
253,0.817
254,0.790
255,0.982
256,0.960
257,0.988
258,1.701
259,2.440
260,1.957
261,1.477
262,2.830
263,1.228
264,1.166
265,1.170
266,1.165
267,1.331
268,1.073
269,0.384
270,0.448
271,0.457
272,0.349
273,0.946
274,1.018
275,0.813
276,2.240
277,0.795
278,0.951
279,1.161
280,1.138
281,1.588
282,3.515
283,1.217
284,0.907
285,2.248
286,2.610
287,1.400
288,1.068
289,1.790
290,3.886
291,1.004
292,0.944
293,0.363
294,0.358
295,0.370
296,0.390
297,0.963
298,0.839
299,0.784
300,2.618
301,1.114
302,0.811
303,1.077
304,1.158
305,1.461
306,2.974
307,2.246
308,0.951
309,1.237
310,1.577
311,0.481
312,2.358
313,2.284
314,1.130
315,0.972
316,0.645
317,0.282
318,0.288
319,0.320
320,0.370
321,0.834
322,0.989
323,0.895
324,2.354
325,1.082
326,0.926
327,1.080
328,3.432
329,1.060
330,1.119
331,1.008
332,0.843
333,0.966
334,2.541
335,0.828
336,1.056
337,3.219
338,1.630
339,2.433
340,0.728
341,0.322
342,0.290
343,0.330
344,0.401
345,0.797
346,0.944
347,0.906
348,2.498
349,0.943
350,1.009
351,1.075
352,1.233
353,1.323
354,1.111
355,0.849
356,0.476
357,1.053
358,2.233
359,0.695
360,2.517
361,3.218
362,3.075
363,1.094
364,0.847
365,0.455
366,0.306
367,0.286
368,0.325
369,0.299
370,0.717
371,1.182
372,2.090
373,0.681
374,0.762
375,0.861
376,0.801
377,0.769
378,0.866
379,0.617
380,0.819
381,0.949
382,4.040
383,3.655
384,1.098
385,2.943
386,3.682
387,1.155
388,0.701
389,0.587
390,0.415
391,0.402
392,0.354
393,0.358
394,0.838
395,0.828
396,2.027
397,0.964
398,0.759
399,0.669
400,0.926
401,1.043
402,0.754
403,0.707
404,0.429
405,0.526
406,1.779
407,0.356
408,0.487
409,0.562
410,0.544
411,0.651
412,0.372
413,0.276
414,0.262
415,0.289
416,0.498
417,0.793
418,0.972
419,0.942
420,2.034
421,0.706
422,0.894
423,1.109
424,1.266
425,1.184
426,1.047
427,0.909
428,0.563
429,0.526
430,1.807
431,0.519
432,0.769
433,0.983
434,1.107
435,0.955
436,0.616
437,0.331
438,0.289
439,0.293
440,0.318
441,0.722
442,0.828
443,0.629
444,2.156
445,0.870
446,0.726
447,0.746
448,0.508
449,0.704
450,1.383
451,1.057
452,0.426
453,3.205
454,2.490
455,0.773
456,0.662
457,1.049
458,0.962
459,0.976
460,0.799
461,0.531
462,0.312
463,0.334
464,0.407
465,0.722
466,0.940
467,0.695
468,2.473
469,0.844
470,0.688
471,1.124
472,1.128
473,1.101
474,1.020
475,0.762
476,0.467
477,0.739
478,2.824
479,1.086
480,0.798
481,1.120
482,0.950
483,1.084
484,0.554
485,0.350
486,0.298
487,0.307
488,0.433
489,0.838
490,0.960
491,0.879
492,2.228
493,0.912
494,1.074
495,1.228
496,1.163
497,1.169
498,1.076
499,0.986
500,0.313
501,0.708
502,1.863
503,0.437
504,0.761
505,1.210
506,0.933
507,0.913
508,0.722
509,0.293
510,0.283
511,0.345
512,0.385
513,0.870
514,0.960
515,0.860
516,2.346
517,1.007
518,0.762
519,0.843
520,1.056
521,1.118
522,1.382
523,3.063
524,0.363
525,0.764
526,2.537
527,0.975
528,0.967
529,1.153
530,0.982
531,1.292
532,0.740
533,0.329
534,0.314
535,0.411
536,0.271
537,0.403
538,0.776
539,1.216
540,2.045
541,0.852
542,1.024
543,1.378
544,1.255
545,1.097
546,1.010
547,0.777
548,0.317
549,0.872
550,1.908
551,0.369
552,1.591
553,2.549
554,0.685
555,0.887
556,0.468
557,0.287
558,0.284
559,0.263
560,0.256
561,0.516
562,0.810
563,0.990
564,2.102
565,1.166
566,1.002
567,1.379
568,1.227
569,1.183
570,1.112
571,1.073
572,0.504
573,0.369
574,1.934
575,0.455
576,3.444
577,0.588
578,0.583
579,0.510
580,0.571
581,0.308
582,0.294
583,0.316
584,0.479
585,0.960
586,0.952
587,0.985
588,2.270
589,1.311
590,1.066
591,1.204
592,1.264
593,1.298
594,1.363
595,3.331
596,2.341
597,1.715
598,4.019
599,2.577
600,1.107
601,1.356
602,1.109
603,1.010
604,0.460
605,0.334
606,0.347
607,0.291
608,0.334
609,0.862
610,0.872
611,0.797
612,2.399
613,0.878
614,0.661
615,0.908
616,1.220
617,1.340
618,0.652
619,0.485
620,0.391
621,0.650
622,1.763
623,0.426
624,0.602
625,1.033
626,0.737
627,0.974
628,0.588
629,0.265
630,0.267
631,0.267
632,0.265
633,0.677
634,0.829
635,0.706
636,2.252
637,0.937
638,0.594
639,0.596
640,0.663
641,0.683
642,0.645
643,0.528
644,0.417
645,0.758
646,3.711
647,1.277
648,1.136
649,1.258
650,2.940
651,1.071
652,0.492
653,0.279
654,0.252
655,0.282
656,0.299
657,0.791
658,0.861
659,0.802
660,2.586
661,0.907
662,0.933
663,1.002
664,1.155
665,0.996
666,1.149
667,0.953
668,1.392
669,1.427
670,2.737
671,0.749
672,0.726
673,1.160
674,0.663
675,1.041
676,0.546
677,0.303
678,0.309
679,0.304
680,0.295
681,0.793
682,0.845
683,0.859
684,2.274
685,0.874
686,0.890
687,1.295
688,1.188
689,1.204
690,3.151
691,1.345
692,0.453
693,0.678
694,2.735
695,1.378
696,1.003
697,1.323
698,0.973
699,0.947
700,0.573
701,0.300
702,0.261
703,0.279
704,0.289
705,0.308
706,0.746
707,1.038
708,1.834
709,0.386
710,0.916
711,1.306
712,1.255
713,1.125
714,1.058
715,0.896
716,0.393
717,0.663
718,1.534
719,0.417
720,2.367
721,1.785
722,1.389
723,0.813
724,0.595
725,0.810
726,0.311
727,0.276
728,0.350
729,0.482
730,0.834
731,1.017
732,2.161
733,0.786
734,0.869
735,1.133
736,1.193
737,1.143
738,1.273
739,1.844
740,1.302
741,0.413
742,1.704
743,0.312
744,0.543
745,0.623
746,0.700
747,0.655
748,0.565
749,0.278
750,0.252
751,0.290
752,0.504
753,0.913
754,0.949
755,1.017
756,2.308
757,1.142
758,1.057
759,1.166
760,1.012
761,1.109
762,1.040
763,1.034
764,0.643
765,0.601
766,1.938
767,0.681
768,1.213
769,1.125
770,0.845
771,1.059
772,0.542
773,0.315
774,0.279
775,0.349
776,0.400
777,0.720
778,0.937
779,0.766
780,2.407
781,0.887
782,1.016
783,0.907
784,1.054
785,1.116
786,1.206
787,3.279
788,0.974
789,0.605
790,2.087
791,0.567
792,0.650
793,0.950
794,0.990
795,2.586
796,0.624
797,0.314
798,0.276
799,0.286
800,0.274
801,0.667
802,0.859
803,0.867
804,2.362
805,0.787
806,0.662
807,0.994
808,1.130
809,1.046
810,0.918
811,0.750
812,0.433
813,0.457
814,2.206
815,0.674
816,0.801
817,1.063
818,0.820
819,0.978
820,0.620
821,0.311
822,0.286
823,0.300
824,0.336
825,0.661
826,0.946
827,0.813
828,2.408
829,0.993
830,0.917
831,1.026
832,1.053
833,0.771
834,0.917
835,0.745
836,0.525
837,0.654
838,1.770
839,0.405
840,0.523
841,1.206
842,0.708
843,0.913
844,0.510
845,0.273
846,0.269
847,0.277
848,0.270
849,0.634
850,0.819
851,0.790
852,2.540
853,0.987
854,0.540
855,0.521
856,0.713
857,0.801
858,0.851
859,0.812
860,0.437
861,0.447
862,2.352
863,1.103
864,1.316
865,3.364
866,3.266
867,0.751
868,0.718
869,0.338
870,0.301
871,0.274
872,0.273
873,0.274
874,0.649
875,1.017
876,1.975
877,0.427
878,0.521
879,0.561
880,0.542
881,0.342
882,0.415
883,0.582
884,0.390
885,0.853
886,1.669
887,0.586
888,0.596
889,0.775
890,0.604
891,0.682
892,0.419
893,0.269
894,0.288
895,0.298
896,0.293
897,0.288
898,0.834
899,0.767
900,1.935
901,0.824
902,0.826
903,0.851
904,0.927
905,0.702
906,0.587
907,0.784
908,0.831
909,0.370
910,1.849
911,2.660
912,2.158
913,1.082
914,1.049
915,2.416
916,0.449
917,0.318
918,0.270
919,0.289
920,0.404
921,0.802
922,0.825
923,0.841
924,1.994
925,0.625
926,0.742
927,0.736
928,1.006
929,0.796
930,0.612
931,1.053
932,0.738
933,0.671
934,4.560
935,1.440
936,0.752
937,0.996
938,0.967
939,0.971
940,0.618
941,0.291
942,0.280
943,0.291
944,0.296
945,0.720
946,0.847
947,0.761
948,2.255
949,1.092
950,1.167
951,1.038
952,0.580
953,0.984
954,1.235
955,0.926
956,0.467
957,0.462
958,2.110
959,0.898
960,1.053
961,1.059
962,0.854
963,0.989
964,0.661
965,0.274
966,0.289
967,0.366
968,0.339
969,0.739
970,0.857
971,0.907
972,2.565
973,1.073
974,0.867
975,1.074
976,1.230
977,1.049
978,1.063
979,0.974
980,0.657
981,0.602
982,2.387
983,0.962
984,1.571
985,3.865
986,0.945
987,1.022
988,0.604
989,0.332
990,0.280
991,0.285
992,0.367
993,0.736
994,0.953
995,0.958
996,2.529
997,1.121
998,1.007
999,1.275
1000,1.098
1001,1.156
1002,1.209
1003,0.725
1004,0.535
1005,0.718
1006,1.771
1007,2.429
1008,2.514
1009,3.640
1010,1.088
1011,1.079
1012,0.608
1013,0.302
1014,0.299
1015,0.316
1016,0.299
1017,0.689
1018,0.955
1019,0.828
1020,2.604
1021,1.185
1022,1.058
1023,1.371
1024,1.407
1025,1.198
1026,1.088
1027,1.022
1028,0.643
1029,0.678
1030,4.234
1031,0.850
1032,0.727
1033,3.348
1034,0.803
1035,0.950
1036,0.536
1037,0.316
1038,0.313
1039,0.328
1040,0.317
1041,0.315
1042,0.640
1043,1.136
1044,2.160
1045,0.788
1046,0.900
1047,1.170
1048,1.231
1049,1.158
1050,1.092
1051,2.235
1052,1.209
1053,0.451
1054,1.479
1055,0.297
1056,0.295
1057,0.570
1058,0.716
1059,0.637
1060,0.481
1061,0.287
1062,0.261
1063,0.273
1064,0.266
1065,0.264
1066,0.802
1067,0.903
1068,2.218
1069,1.082
1070,1.093
1071,1.220
1072,1.290
1073,1.291
1074,1.259
1075,1.356
1076,0.760
1077,0.425
1078,1.692
1079,0.381
1080,0.557
1081,0.795
1082,1.093
1083,1.792
1084,0.581
1085,0.293
1086,0.286
1087,0.285
1088,0.404
1089,0.792
1090,0.832
1091,0.991
1092,2.324
1093,1.034
1094,1.055
1095,1.330
1096,1.476
1097,1.208
1098,1.174
1099,1.032
1100,0.625
1101,1.198
1102,3.275
1103,1.125
1104,0.413
1105,0.889
1106,0.801
1107,0.702
1108,0.728
1109,0.287
1110,0.276
1111,0.261
1112,0.266
1113,0.651
1114,0.826
1115,0.806
1116,2.390
1117,1.215
1118,1.130
1119,1.436
1120,1.317
1121,1.258
1122,1.370
1123,1.312
1124,0.685
1125,0.459
1126,3.233
1127,0.749
1128,0.895
1129,2.279
1130,0.931
1131,0.883
1132,0.603
1133,0.282
1134,0.264
1135,0.269
1136,0.268
1137,0.596
1138,0.843
1139,0.620
1140,2.268
1141,0.842
1142,0.532
1143,0.597
1144,0.528
1145,0.443
1146,0.531
1147,0.961
1148,0.441
1149,0.868
1150,2.461
1151,1.500
1152,0.659
1153,1.099
1154,0.910
1155,0.957
1156,0.773
1157,0.296
1158,0.287
1159,0.263
1160,0.273
1161,0.601
1162,0.829
1163,0.718
1164,2.275
1165,0.753
1166,0.745
1167,1.308
1168,1.232
1169,1.188
1170,1.122
1171,1.014
1172,0.640
1173,0.492
1174,1.842
1175,0.660
1176,0.611
1177,1.083
1178,0.807
1179,0.801
1180,0.622
1181,0.280
1182,0.282
1183,0.271
1184,0.269
1185,0.605
1186,0.827
1187,0.755
1188,2.300
1189,0.903
1190,0.604
1191,0.706
1192,0.935
1193,1.140
1194,1.066
1195,1.035
1196,0.651
1197,0.657
1198,2.067
1199,0.788
1200,3.111
1201,1.395
1202,2.982
1203,2.385
1204,0.737
1205,0.352
1206,0.319
1207,0.308
1208,0.280
1209,0.273
1210,0.606
1211,0.946
1212,1.906
1213,0.517
1214,0.879
1215,1.562
1216,1.388
1217,1.238
1218,1.574
1219,1.518
1220,0.688
1221,2.267
1222,1.711
1223,0.317
1224,0.495
1225,0.605
1226,0.849
1227,2.883
1228,0.587
1229,0.346
1230,0.271
1231,0.271
1232,0.278
1233,0.304
1234,0.965
1235,0.948
1236,2.216
1237,0.895
1238,0.964
1239,1.206
1240,1.459
1241,3.211
1242,1.445
1243,1.116
1244,0.707
1245,0.356
1246,1.447
1247,0.302
1248,0.301
1249,0.303
1250,0.320
1251,1.437
1252,2.185
1253,0.817
1254,0.315
1255,0.318
1256,0.431
1257,0.824
1258,0.972
1259,1.038
1260,2.497
1261,1.150
1262,1.318
1263,1.424
1264,1.326
1265,1.289
1266,1.152
1267,0.930
1268,0.472
1269,0.531
1270,2.259
1271,0.806
1272,0.833
1273,1.067
1274,0.959
1275,1.048
1276,0.880
1277,0.326
1278,0.320
1279,0.310
1280,0.343
1281,0.740
1282,0.972
1283,1.088
1284,2.436
1285,1.083
1286,1.092
1287,1.373
1288,1.298
1289,1.265
1290,1.211
1291,1.037
1292,0.702
1293,0.752
1294,1.599
1295,0.593
1296,0.806
1297,1.105
1298,0.780
1299,0.862
1300,0.775
1301,0.275
1302,0.269
1303,0.356
1304,0.363
1305,0.772
1306,0.986
1307,0.979
1308,2.656
1309,1.109
1310,0.922
1311,1.224
1312,1.341
1313,1.242
1314,1.174
1315,1.117
1316,0.741
1317,0.532
1318,1.695
1319,0.966
1320,0.754
1321,1.160
1322,0.919
1323,0.958
1324,0.811
1325,0.306
1326,0.267
1327,0.266
1328,0.417
1329,0.849
1330,0.882
1331,0.941
1332,2.641
1333,1.238
1334,1.084
1335,1.364
1336,1.347
1337,1.192
1338,0.915
1339,1.061
1340,0.722
1341,0.465
1342,1.744
1343,0.963
1344,0.636
1345,0.994
1346,0.698
1347,0.929
1348,0.839
1349,0.762
1350,0.354
1351,0.293
1352,0.313
1353,0.639
1354,0.944
1355,0.929
1356,2.430
1357,1.171
1358,1.073
1359,1.348
1360,1.329
1361,1.242
1362,1.200
1363,1.047
1364,0.584
1365,0.548
1366,2.567
1367,3.210
1368,0.454
1369,0.783
1370,0.621
1371,0.840
1372,0.731
1373,0.301
1374,0.263
1375,0.276
1376,0.281
1377,0.280
1378,0.604
1379,0.936
1380,2.317
1381,0.970
1382,0.961
1383,3.057
1384,1.395
1385,0.996
1386,0.768
1387,0.772
1388,0.450
1389,0.480
1390,1.647
1391,0.671
1392,0.873
1393,2.453
1394,0.781
1395,0.732
1396,0.630
1397,0.301
1398,0.296
1399,0.293
1400,0.273
1401,0.432
1402,0.886
1403,0.894
1404,2.352
1405,0.765
1406,1.084
1407,0.959
1408,1.259
1409,0.543
1410,1.102
1411,0.857
1412,0.429
1413,0.426
1414,1.838
1415,0.465
1416,0.772
1417,2.669
1418,0.649
1419,0.735
1420,0.562
1421,0.297
1422,0.275
1423,0.313
1424,0.555
1425,0.917
1426,0.936
1427,1.043
1428,2.515
1429,1.167
1430,1.032
1431,1.348
1432,1.389
1433,1.283
1434,1.231
1435,1.267
1436,2.479
1437,0.461
1438,1.511
1439,0.414
1440,0.899
1441,2.884
1442,1.229
1443,0.913
1444,0.762
1445,0.296
1446,0.291
1447,0.361
1448,0.266
1449,0.889
1450,0.962
1451,0.881
1452,2.388
1453,1.211
1454,0.827
1455,0.940
1456,0.923
1457,1.246
1458,1.619
1459,3.167
1460,1.667
1461,0.620
1462,2.261
1463,0.717
1464,0.928
1465,1.497
1466,2.895
1467,1.283
1468,0.702
1469,0.279
1470,0.277
1471,0.288
1472,0.414
1473,0.779
1474,0.886
1475,0.981
1476,2.721
1477,1.148
1478,1.044
1479,1.278
1480,1.362
1481,1.278
1482,1.257
1483,1.083
1484,0.725
1485,0.586
1486,1.715
1487,0.430
1488,0.819
1489,1.148
1490,3.114
1491,2.480
1492,0.925
1493,0.692
1494,0.310
1495,0.300
1496,0.311
1497,0.917
1498,1.013
1499,0.992
1500,2.653
1501,1.283
1502,2.635
1503,4.373
1504,2.222
1505,1.314
1506,1.255
1507,1.203
1508,2.282
1509,1.186
1510,3.390
1511,0.785
1512,1.192
1513,3.197
1514,2.019
1515,1.958
1516,0.790
1517,0.433
1518,0.282
1519,0.328
1520,0.289
1521,0.859
1522,0.956
1523,1.090
1524,2.747
1525,0.909
1526,1.003
1527,1.329
1528,1.433
1529,1.287
1530,1.246
1531,0.991
1532,0.720
1533,0.497
1534,1.638
1535,0.535
1536,0.629
1537,1.041
1538,1.078
1539,0.772
1540,0.434
1541,0.318
1542,0.299
1543,0.283
1544,0.296
1545,0.448
1546,0.733
1547,1.096
1548,2.240
1549,0.851
1550,1.084
1551,1.333
1552,1.352
1553,1.392
1554,1.284
1555,0.994
1556,0.668
1557,0.415
1558,1.703
1559,0.700
1560,0.523
1561,0.546
1562,0.495
1563,0.457
1564,0.312
1565,0.290
1566,0.267
1567,0.273
1568,0.272
1569,0.483
1570,1.000
1571,1.201
1572,2.322
1573,1.153
1574,1.226
1575,1.632
1576,1.665
1577,1.421
1578,1.253
1579,0.985
1580,0.647
1581,0.450
1582,1.608
1583,0.537
1584,0.498
1585,0.506
1586,0.529
1587,0.363
1588,0.341
1589,0.318
1590,0.310
1591,0.300
1592,0.484
1593,0.789
1594,0.849
1595,1.086
1596,1.983
1597,0.681
1598,1.015
1599,1.402
1600,1.381
1601,1.213
1602,2.235
1603,0.984
1604,0.786
1605,0.486
1606,1.744
1607,0.372
1608,0.526
1609,0.701
1610,0.574
1611,0.555
1612,0.383
1613,0.285
1614,0.261
1615,0.272
1616,0.284
1617,0.752
1618,0.830
1619,0.909
1620,2.247
1621,0.911
1622,1.038
1623,1.253
1624,1.296
1625,1.299
1626,1.205
1627,0.943
1628,0.749
1629,0.470
1630,1.448
1631,0.399
1632,0.722
1633,0.892
1634,0.787
1635,0.545
1636,0.441
1637,0.311
1638,0.286
1639,0.281
1640,0.298
1641,0.800
1642,0.822
1643,0.952
1644,2.156
1645,0.949
1646,0.964
1647,1.182
1648,0.908
1649,0.773
1650,0.653
1651,0.537
1652,0.496
1653,0.502
1654,1.575
1655,0.369
1656,0.569
1657,0.859
1658,0.791
1659,0.801
1660,0.488
1661,0.299
1662,0.293
1663,0.272
1664,0.276
1665,0.730
1666,1.151
1667,0.744
1668,2.208
1669,0.719
1670,1.167
1671,1.280
1672,0.862
1673,0.994
1674,0.949
1675,0.835
1676,0.505
1677,0.932
1678,2.879
1679,0.782
1680,0.711
1681,1.033
1682,0.862
1683,0.610
1684,0.431
1685,0.286
1686,0.284
1687,0.320
1688,0.301
1689,0.671
1690,0.852
1691,0.967
1692,2.512
1693,1.140
1694,1.314
1695,1.388
1696,1.361
1697,1.296
1698,1.193
1699,0.918
1700,0.760
1701,0.576
1702,2.783
1703,0.640
1704,0.873
1705,1.032
1706,2.668
1707,0.752
1708,0.390
1709,0.312
1710,0.318
1711,0.298
1712,0.306
1713,0.272
1714,0.669
1715,1.096
1716,2.263
1717,1.014
1718,1.224
1719,1.096
1720,1.267
1721,1.109
1722,1.026
1723,3.129
1724,0.765
1725,0.534
1726,1.500
1727,0.532
1728,0.946
1729,0.784
1730,0.701
1731,0.427
1732,0.431
1733,0.587
1734,0.542
1735,0.321
1736,0.321
1737,0.286
1738,0.757
1739,0.887
1740,2.189
1741,1.056
1742,1.384
1743,1.448
1744,1.258
1745,1.232
1746,2.416
1747,0.955
1748,0.529
1749,1.469
1750,2.201
1751,0.836
1752,2.351
1753,0.554
1754,0.696
1755,0.608
1756,0.402
1757,0.323
1758,0.337
1759,0.320
1760,0.334
1761,0.786
1762,0.826
1763,0.875
1764,2.315
1765,1.266
1766,1.331
1767,1.294
1768,1.434
1769,2.234
1770,1.874
1771,1.056
1772,1.894
1773,1.634
1774,2.202
1775,2.613
1776,1.020
1777,0.962
1778,0.933
1779,0.545
1780,0.393
1781,0.339
1782,0.322
1783,0.343
1784,0.320
1785,0.635
1786,0.857
1787,0.681
1788,2.236
1789,0.839
1790,0.907
1791,1.091
1792,0.902
1793,2.291
1794,1.633
1795,0.665
1796,0.633
1797,0.663
1798,2.088
1799,1.022
1800,0.894
1801,2.488
1802,2.336
1803,0.473
1804,0.351
1805,0.302
1806,0.300
1807,0.305
1808,0.302
1809,0.583
1810,0.850
1811,1.185
1812,2.687
1813,0.980
1814,1.157
1815,1.353
1816,1.292
1817,1.324
1818,1.362
1819,1.003
1820,1.464
1821,1.446
1822,1.773
1823,0.915
1824,1.257
1825,2.626
1826,0.837
1827,0.820
1828,0.560
1829,0.312
1830,0.300
1831,0.279
1832,0.275
1833,0.613
1834,1.021
1835,1.124
1836,2.370
1837,1.352
1838,1.349
1839,1.374
1840,1.450
1841,1.406
1842,1.292
1843,1.134
1844,0.838
1845,0.714
1846,2.144
1847,0.599
1848,0.591
1849,1.030
1850,0.807
1851,0.544
1852,0.355
1853,0.294
1854,0.302
1855,0.300
1856,0.299
1857,0.630
1858,0.834
1859,1.354
1860,2.653
1861,1.387
1862,1.384
1863,1.269
1864,1.370
1865,1.340
1866,1.313
1867,1.283
1868,2.811
1869,0.459
1870,1.959
1871,1.434
1872,3.755
1873,2.128
1874,0.873
1875,1.713
1876,0.379
1877,0.316
1878,0.317
1879,0.312
1880,0.318
1881,0.314
1882,0.770
1883,1.064
1884,2.623
1885,2.933
1886,0.964
1887,1.125
1888,0.858
1889,1.161
1890,1.113
1891,0.852
1892,0.794
1893,0.510
1894,2.125
1895,2.834
1896,0.878
1897,2.331
1898,0.666
1899,0.448
1900,0.294
1901,0.299
1902,0.293
1903,0.296
1904,0.294
1905,0.292
1906,0.922
1907,0.708
1908,1.930
1909,0.804
1910,1.646
1911,1.560
1912,3.005
1913,3.552
1914,1.020
1915,0.892
1916,0.807
1917,0.720
1918,1.555
1919,2.495
1920,2.533
1921,1.906
1922,0.623
1923,0.401
1924,0.289
1925,0.302
1926,0.301
1927,0.299
1928,0.332
1929,0.812
1930,0.853
1931,0.975
1932,2.411
1933,1.035
1934,0.762
1935,0.788
1936,0.871
1937,1.471
1938,1.146
1939,1.994
1940,0.724
1941,0.449
1942,1.663
1943,0.472
1944,0.602
1945,1.020
1946,0.807
1947,0.478
1948,0.404
1949,0.324
1950,0.302
1951,0.279
1952,0.300
1953,0.685
1954,1.027
1955,0.881
1956,2.438
1957,0.929
1958,0.834
1959,1.124
1960,1.184
1961,1.257
1962,1.292
1963,0.991
1964,0.787
1965,1.578
1966,1.805
1967,0.937
1968,1.507
1969,2.218
1970,0.966
1971,0.537
1972,0.369
1973,0.287
1974,0.273
1975,0.297
1976,0.292
1977,0.622
1978,1.108
1979,1.270
1980,2.319
1981,0.888
1982,1.112
1983,1.139
1984,1.078
1985,1.051
1986,0.928
1987,0.658
1988,0.559
1989,0.900
1990,1.939
1991,0.826
1992,0.759
1993,1.041
1994,0.771
1995,0.521
1996,0.366
1997,0.304
1998,0.310
1999,0.275
2000,0.293
2001,0.634
2002,1.243
2003,1.013
2004,2.634
2005,1.376
2006,1.676
2007,1.442
2008,3.688
2009,1.887
2010,1.304
2011,1.153
2012,0.830
2013,0.929
2014,1.737
2015,0.565
2016,0.545
2017,0.970
2018,0.810
2019,0.539
2020,0.356
2021,0.310
2022,0.303
2023,0.306
2024,0.298
2025,0.588
2026,0.916
2027,1.138
2028,2.599
2029,1.320
2030,1.435
2031,1.390
2032,1.351
2033,1.286
2034,1.329
2035,1.177
2036,0.943
2037,0.877
2038,1.919
2039,0.629
2040,0.966
2041,1.649
2042,1.717
2043,0.557
2044,0.346
2045,0.331
2046,0.295
2047,0.300
2048,0.303
2049,0.315
2050,0.547
2051,0.871
2052,2.404
2053,1.315
2054,1.501
2055,1.532
2056,1.438
2057,1.394
2058,1.315
2059,1.004
2060,0.772
2061,0.530
2062,1.487
2063,0.549
2064,0.655
2065,0.578
2066,0.662
2067,0.361
2068,0.331
2069,0.312
2070,0.308
2071,0.302
2072,0.291
2073,0.284
2074,0.779
2075,1.028
2076,2.306
2077,1.254
2078,2.330
2079,2.988
2080,1.375
2081,1.384
2082,1.328
2083,1.023
2084,0.719
2085,0.893
2086,2.036
2087,1.067
2088,2.307
2089,0.590
2090,0.735
2091,0.500
2092,0.363
2093,0.338
2094,0.330
2095,0.330
2096,0.324
2097,0.761
2098,0.940
2099,1.345
2100,2.518
2101,1.411
2102,1.613
2103,1.474
2104,1.579
2105,3.121
2106,1.598
2107,1.275
2108,2.479
2109,1.268
2110,2.968
2111,3.225
2112,0.643
2113,1.128
2114,0.820
2115,0.620
2116,0.363
2117,0.310
2118,0.301
2119,0.317
2120,0.305
2121,0.629
2122,0.983
2123,1.206
2124,2.553
2125,1.318
2126,1.264
2127,1.183
2128,1.319
2129,1.182
2130,1.167
2131,0.917
2132,0.628
2133,0.404
2134,1.557
2135,0.563
2136,0.585
2137,1.124
2138,0.936
2139,0.478
2140,0.342
2141,0.316
2142,0.314
2143,0.309
2144,0.294
2145,0.561
2146,1.012
2147,0.944
2148,2.666
2149,1.118
2150,1.224
2151,1.363
2152,1.397
2153,1.616
2154,3.696
2155,1.149
2156,0.716
2157,0.416
2158,1.475
2159,0.324
2160,0.594
2161,0.967
2162,0.816
2163,0.582
2164,0.402
2165,0.311
2166,0.305
2167,0.296
2168,0.305
2169,0.586
2170,1.084
2171,1.237
2172,2.785
2173,1.638
2174,4.735
2175,1.271
2176,1.311
2177,1.343
2178,1.240
2179,1.135
2180,0.939
2181,0.923
2182,2.304
2183,0.624
2184,0.995
2185,1.372
2186,0.950
2187,0.664
2188,0.586
2189,0.422
2190,0.288
2191,0.288
2192,0.297
2193,0.595
2194,1.066
2195,1.322
2196,2.705
2197,1.420
2198,1.694
2199,1.372
2200,2.605
2201,1.998
2202,1.250
2203,1.061
2204,0.746
2205,1.185
2206,2.040
2207,0.813
2208,0.735
2209,3.298
2210,0.849
2211,0.484
2212,0.361
2213,0.270
2214,0.330
2215,0.372
2216,0.295
2217,0.294
2218,0.848
2219,1.058
2220,2.288
2221,1.677
2222,3.194
2223,1.399
2224,1.379
2225,1.353
2226,1.364
2227,1.166
2228,1.624
2229,0.898
2230,1.968
2231,0.985
2232,1.972
2233,1.243
2234,0.709
2235,0.469
2236,0.306
2237,0.277
2238,0.279
2239,0.291
2240,0.284
2241,0.304
2242,1.055
2243,1.323
2244,2.606
2245,1.295
2246,1.469
2247,1.555
2248,1.406
2249,1.434
2250,1.537
2251,1.256
2252,0.856
2253,0.939
2254,2.179
2255,0.919
2256,2.241
2257,1.024
2258,0.667
2259,0.461
2260,0.297
2261,0.272
2262,0.298
2263,0.293
2264,0.364
2265,0.860
2266,1.228
2267,1.097
2268,2.152
2269,0.921
2270,1.273
2271,1.100
2272,1.075
2273,1.292
2274,2.530
2275,1.965
2276,1.817
2277,1.304
2278,1.899
2279,0.623
2280,0.703
2281,0.950
2282,0.975
2283,0.613
2284,0.395
2285,0.305
2286,0.292
2287,0.285
2288,0.400
2289,0.800
2290,0.917
2291,1.179
2292,2.566
2293,1.439
2294,1.565
2295,1.394
2296,1.277
2297,0.997
2298,1.030
2299,0.824
2300,0.613
2301,1.043
2302,1.895
2303,0.780
2304,0.874
2305,0.946
2306,1.009
2307,0.491
2308,0.364
2309,0.298
2310,0.279
2311,0.277
2312,0.292
2313,0.665
2314,1.050
2315,1.083
2316,2.653
2317,1.116
2318,1.311
2319,1.184
2320,0.978
2321,1.394
2322,1.306
2323,2.636
2324,0.790
2325,0.807
2326,1.690
2327,0.647
2328,0.696
2329,0.931
2330,1.000
2331,0.613
2332,0.353
2333,0.292
2334,0.308
2335,0.283
2336,0.269
2337,0.648
2338,1.133
2339,1.004
2340,2.616
2341,1.309
2342,1.415
2343,1.664
2344,1.628
2345,1.370
2346,1.280
2347,1.083
2348,0.730
2349,0.735
2350,1.727
2351,0.505
2352,0.834
2353,0.985
2354,0.897
2355,0.437
2356,0.390
2357,0.316
2358,0.297
2359,0.277
2360,0.288
2361,0.641
2362,1.131
2363,1.221
2364,2.551
2365,1.391
2366,1.441
2367,1.384
2368,1.373
2369,1.333
2370,1.285
2371,1.007
2372,0.643
2373,0.382
2374,1.442
2375,0.631
2376,0.555
2377,0.998
2378,0.792
2379,0.655
2380,0.366
2381,0.289
2382,0.309
2383,0.333
2384,0.364
2385,0.296
2386,1.050
2387,1.050
2388,2.308
2389,1.371
2390,1.480
2391,1.469
2392,1.249
2393,1.305
2394,1.280
2395,1.038
2396,0.730
2397,0.363
2398,1.807
2399,0.872
2400,1.295
2401,1.851
2402,0.734
2403,0.444
2404,0.300
2405,0.311
2406,0.279
2407,0.284
2408,0.301
2409,0.281
2410,1.087
2411,1.128
2412,2.380
2413,1.127
2414,1.408
2415,1.280
2416,1.343
2417,1.237
2418,1.234
2419,0.956
2420,0.630
2421,0.874
2422,1.984
2423,0.976
2424,0.978
2425,2.898
2426,0.681
2427,0.363
2428,0.311
2429,0.304
2430,0.288
2431,0.280
2432,0.323
2433,0.818
2434,1.015
2435,1.267
2436,2.698
2437,1.605
2438,1.435
2439,1.501
2440,1.522
2441,1.874
2442,1.917
2443,1.675
2444,0.821
2445,1.395
2446,2.326
2447,3.272
2448,1.826
2449,0.976
2450,0.940
2451,0.463
2452,0.396
2453,0.338
2454,0.344
2455,0.303
2456,0.311
2457,0.670
2458,0.966
2459,0.839
2460,2.567
2461,1.607
2462,3.384
2463,3.576
2464,1.416
2465,2.401
2466,3.622
2467,2.902
2468,1.029
2469,1.647
2470,1.991
2471,0.961
2472,1.021
2473,1.139
2474,2.937
2475,0.573
2476,0.388
2477,0.292
2478,0.299
2479,0.304
2480,0.299
2481,0.594
2482,1.023
2483,1.246
2484,2.624
2485,1.348
2486,1.521
2487,1.745
2488,1.408
2489,1.419
2490,3.546
2491,1.178
2492,0.947
2493,0.526
2494,1.641
2495,0.488
2496,0.841
2497,3.323
2498,0.876
2499,0.641
2500,0.349
2501,0.275
2502,0.297
2503,0.299
2504,0.290
2505,0.807
2506,1.162
2507,1.073
2508,2.709
2509,1.661
2510,3.058
2511,2.530
2512,1.408
2513,1.361
2514,1.278
2515,1.086
2516,0.827
2517,1.936
2518,3.269
2519,0.836
2520,0.657
2521,1.394
2522,0.821
2523,0.551
2524,0.385
2525,0.315
2526,0.315
2527,0.319
2528,0.298
2529,0.568
2530,1.045
2531,1.118
2532,2.949
2533,1.473
2534,3.713
2535,1.617
2536,3.108
2537,3.835
2538,1.890
2539,1.110
2540,0.740
2541,0.575
2542,4.245
2543,2.084
2544,1.486
2545,1.291
2546,1.149
2547,0.562
2548,0.548
2549,0.351
2550,0.323
2551,0.331
2552,0.340
2553,0.608
2554,0.603
2555,1.212
2556,2.581
2557,1.314
2558,1.341
2559,1.406
2560,1.390
2561,1.346
2562,1.285
2563,1.059
2564,0.728
2565,0.434
2566,1.531
2567,0.382
2568,0.377
2569,0.368
2570,0.362
2571,0.342
2572,0.342
2573,0.330
2574,0.310
2575,0.307
2576,0.320
2577,0.323
2578,0.897
2579,1.021
2580,2.215
2581,1.150
2582,1.305
2583,1.366
2584,1.354
2585,1.302
2586,1.244
2587,1.000
2588,0.690
2589,0.418
2590,1.499
2591,0.359
2592,0.354
2593,0.352
2594,0.361
2595,0.323
2596,0.310
2597,0.297
2598,0.303
2599,0.318
2600,0.318
2601,0.796
2602,0.921
2603,1.014
2604,2.189
2605,1.157
2606,1.039
2607,1.237
2608,1.351
2609,1.253
2610,1.157
2611,0.991
2612,0.709
2613,0.566
2614,1.518
2615,0.585
2616,0.703
2617,0.971
2618,0.795
2619,0.838
2620,0.405
2621,0.320
2622,0.318
2623,0.310
2624,0.298
2625,0.622
2626,0.851
2627,0.800
2628,2.084
2629,1.002
2630,1.470
2631,2.617
2632,1.458
2633,1.552
2634,1.285
2635,2.906
2636,3.986
2637,1.271
2638,1.931
2639,1.567
2640,1.694
2641,1.090
2642,0.926
2643,0.819
2644,0.406
2645,0.329
2646,0.320
2647,0.312
2648,0.302
2649,0.583
2650,0.888
2651,0.993
2652,2.397
2653,0.756
2654,1.025
2655,1.239
2656,1.306
2657,1.620
2658,3.726
2659,2.743
2660,1.085
2661,0.890
2662,1.915
2663,0.815
2664,0.739
2665,1.131
2666,0.857
2667,0.510
2668,0.365
2669,0.318
2670,0.322
2671,0.331
2672,0.309
2673,0.561
2674,1.022
2675,1.161
2676,2.694
2677,1.492
2678,1.455
2679,1.469
2680,1.353
2681,1.364
2682,1.331
2683,1.085
2684,0.753
2685,0.706
2686,1.977
2687,0.976
2688,0.918
2689,0.927
2690,0.654
2691,0.723
2692,0.474
2693,0.338
2694,0.306
2695,0.303
2696,0.319
2697,0.552
2698,0.868
2699,0.965
2700,2.523
2701,1.342
2702,1.500
2703,1.650
2704,1.674
2705,1.734
2706,1.702
2707,1.183
2708,1.102
2709,3.309
2710,3.581
2711,0.922
2712,0.716
2713,1.104
2714,0.943
2715,0.861
2716,0.484
2717,0.312
2718,0.305
2719,0.307
2720,0.314
2721,0.298
2722,0.796
2723,1.050
2724,2.687
2725,3.200
2726,1.400
2727,1.481
2728,1.453
2729,1.335
2730,1.359
2731,0.942
2732,0.635
2733,0.376
2734,1.469
2735,0.459
2736,0.522
2737,0.491
2738,0.596
2739,0.326
2740,0.321
2741,0.292
2742,0.304
2743,0.318
2744,0.306
2745,0.288
2746,0.731
2747,0.974
2748,2.280
2749,1.024
2750,1.288
2751,1.181
2752,1.281
2753,1.313
2754,1.239
2755,1.162
2756,0.853
2757,0.865
2758,1.859
2759,0.579
2760,0.951
2761,0.593
2762,0.612
2763,0.603
2764,0.743
2765,0.317
2766,0.299
2767,0.284
2768,0.301
2769,0.807
2770,1.065
2771,1.281
2772,2.923
2773,1.595
2774,1.548
2775,1.524
2776,1.607
2777,1.520
2778,3.382
2779,2.583
2780,0.898
2781,1.029
2782,2.173
2783,0.823
2784,2.027
2785,1.145
2786,0.920
2787,0.541
2788,0.416
2789,0.349
2790,0.305
2791,0.340
2792,0.339
2793,0.590
2794,1.023
2795,1.082
2796,2.751
2797,1.467
2798,1.606
2799,1.434
2800,1.403
2801,1.305
2802,1.261
2803,1.325
2804,0.907
2805,1.980
2806,1.558
2807,0.663
2808,2.538
2809,0.951
2810,0.872
2811,0.548
2812,0.418
2813,0.358
2814,0.331
2815,0.332
2816,0.297
2817,0.550
2818,0.903
2819,1.080
2820,2.623
2821,1.388
2822,1.398
2823,1.521
2824,1.426
2825,1.315
2826,1.443
2827,2.324
2828,0.789
2829,0.941
2830,2.252
2831,2.492
2832,3.568
2833,1.507
2834,0.978
2835,0.682
2836,0.456
2837,0.360
2838,0.343
2839,0.317
2840,0.334
2841,0.554
2842,0.944
2843,1.120
2844,2.977
2845,1.480
2846,1.563
2847,1.763
2848,1.772
2849,1.515
2850,1.463
2851,1.105
2852,0.852
2853,1.153
2854,2.779
2855,0.860
2856,0.840
2857,3.218
2858,1.005
2859,0.567
2860,0.406
2861,0.338
2862,0.327
2863,0.313
2864,0.317
2865,0.522
2866,0.947
2867,1.022
2868,2.797
2869,1.407
2870,1.507
2871,1.552
2872,1.417
2873,1.407
2874,1.288
2875,1.157
2876,1.051
2877,1.048
2878,2.008
2879,2.217
2880,3.000
2881,1.736
2882,0.857
2883,0.606
2884,0.390
2885,0.359
2886,0.318
2887,0.338
2888,0.353
2889,0.346
2890,0.493
2891,1.064
2892,2.835
2893,1.377
2894,1.510
2895,1.438
2896,1.402
2897,1.325
2898,1.342
2899,1.058
2900,2.300
2901,2.921
2902,1.578
2903,0.349
2904,0.355
2905,0.585
2906,0.582
2907,0.526
2908,0.467
2909,0.349
2910,0.350
2911,0.340
2912,0.336
2913,0.338
2914,0.577
2915,3.192
2916,2.578
2917,1.466
2918,1.547
2919,1.538
2920,1.531
2921,1.490
2922,1.344
2923,1.061
2924,0.781
2925,2.799
2926,1.610
2927,0.541
2928,0.564
2929,0.670
2930,0.693
2931,0.501
2932,0.383
2933,0.330
2934,0.334
2935,0.335
2936,0.339
2937,0.553
2938,0.915
2939,3.235
2940,2.794
2941,1.649
2942,1.501
2943,1.426
2944,1.433
2945,1.648
2946,2.436
2947,5.216
2948,2.693
2949,1.716
2950,0.577
2951,0.553
2952,0.549
2953,0.808
2954,0.861
2955,0.682
2956,0.940
2957,0.370
2958,0.367
2959,0.343
2960,0.333
2961,0.479
2962,0.892
2963,3.010
2964,2.442
2965,0.973
2966,1.362
2967,1.503
2968,1.491
2969,1.522
2970,1.408
2971,1.334
2972,1.227
2973,3.628
2974,0.858
2975,0.829
2976,0.767
2977,0.967
2978,0.814
2979,0.529
2980,0.379
2981,0.317
2982,0.340
2983,0.330
2984,0.315
2985,0.533
2986,1.001
2987,2.043
2988,1.652
2989,1.311
2990,1.352
2991,1.500
2992,1.392
2993,1.528
2994,1.262
2995,1.004
2996,0.839
2997,2.840
2998,1.609
2999,0.346
3000,0.527
3001,1.077
3002,0.873
3003,0.595
3004,0.372
3005,0.339
3006,0.325
3007,0.299
3008,0.300
3009,0.534
3010,1.000
3011,3.158
3012,3.004
3013,1.538
3014,1.496
3015,1.368
3016,1.551
3017,1.903
3018,1.524
3019,1.043
3020,0.902
3021,3.255
3022,1.856
3023,0.844
3024,0.670
3025,0.886
3026,0.730
3027,0.606
3028,0.382
3029,0.322
3030,0.323
3031,0.326
3032,0.313
3033,0.504
3034,0.941
3035,3.259
3036,2.854
3037,0.887
3038,0.506
3039,0.503
3040,0.524
3041,1.091
3042,1.075
3043,2.688
3044,3.479
3045,3.448
3046,2.279
3047,0.790
3048,0.947
3049,3.083
3050,0.905
3051,0.817
3052,0.611
3053,0.349
3054,0.349
3055,0.329
3056,0.341
3057,0.313
3058,0.672
3059,3.390
3060,1.401
3061,1.392
3062,2.113
3063,1.660
3064,3.417
3065,2.773
3066,2.598
3067,1.492
3068,0.870
3069,1.148
3070,0.313
3071,0.733
3072,1.704
3073,2.541
3074,2.509
3075,0.690
3076,0.403
3077,0.310
3078,0.322
3079,0.317
3080,0.320
3081,0.313
3082,0.700
3083,2.911
3084,1.792
3085,0.891
3086,1.316
3087,1.357
3088,3.340
3089,3.610
3090,5.021
3091,1.839
3092,1.183
3093,6.095
3094,0.944
3095,0.760
3096,0.659
3097,0.630
3098,0.794
3099,0.458
3100,0.352
3101,0.350
3102,0.340
3103,0.304
3104,0.308
3105,0.698
3106,0.891
3107,3.420
3108,2.621
3109,1.491
3110,1.594
3111,1.432
3112,1.393
3113,1.428
3114,1.225
3115,0.991
3116,0.739
3117,2.621
3118,1.597
3119,0.405
3120,0.404
3121,0.835
3122,0.551
3123,0.412
3124,0.391
3125,0.314
3126,0.318
3127,0.327
3128,0.326
3129,0.644
3130,0.943
3131,3.272
3132,2.361
3133,1.275
3134,1.350
3135,1.436
3136,1.420
3137,1.421
3138,1.225
3139,1.006
3140,0.733
3141,2.621
3142,1.593
3143,0.387
3144,0.406
3145,0.796
3146,0.538
3147,0.463
3148,0.400
3149,0.305
3150,0.306
3151,0.315
3152,0.311
3153,0.684
3154,0.926
3155,3.303
3156,2.425
3157,1.201
3158,1.306
3159,1.393
3160,1.416
3161,1.492
3162,1.213
3163,0.933
3164,0.615
3165,2.563
3166,1.578
3167,0.384
3168,0.427
3169,0.744
3170,0.514
3171,0.455
3172,0.396
3173,0.303
3174,0.289
3175,0.277
3176,0.294
3177,0.709
3178,0.919
3179,3.178
3180,2.482
3181,1.201
3182,1.247
3183,1.367
3184,1.375
3185,1.368
3186,1.199
3187,1.003
3188,0.983
3189,2.022
3190,0.497
3191,0.603
3192,0.653
3193,1.219
3194,0.842
3195,0.860
3196,0.386
3197,0.319
3198,0.298
3199,0.298
3200,0.297
3201,0.643
3202,1.091
3203,3.199
3204,2.545
3205,1.044
3206,0.973
3207,0.652
3208,0.506
3209,0.966
3210,0.747
3211,1.059
3212,2.490
3213,5.564
3214,1.993
3215,0.630
3216,0.814
3217,1.210
3218,2.948
3219,1.068
3220,0.622
3221,0.424
3222,0.419
3223,0.372
3224,0.369
3225,0.336
3226,0.830
3227,3.237
3228,2.615
3229,1.276
3230,1.502
3231,1.430
3232,1.427
3233,1.668
3234,3.289
3235,1.182
3236,0.908
3237,2.550
3238,1.722
3239,0.637
3240,0.662
3241,0.673
3242,0.720
3243,0.684
3244,0.427
3245,0.366
3246,0.420
3247,0.356
3248,0.347
3249,0.343
3250,0.873
3251,2.941
3252,2.198
3253,1.148
3254,1.389
3255,1.437
3256,1.401
3257,1.501
3258,1.402
3259,1.180
3260,0.861
3261,2.466
3262,1.468
3263,0.355
3264,0.349
3265,0.462
3266,0.687
3267,0.644
3268,0.329
3269,0.329
3270,0.327
3271,0.338
3272,0.334
3273,0.802
3274,0.935
3275,2.879
3276,1.993
3277,1.157
3278,1.162
3279,1.117
3280,0.923
3281,1.087
3282,0.853
3283,0.734
3284,0.676
3285,3.794
3286,2.211
3287,0.816
3288,0.774
3289,1.016
3290,0.885
3291,0.704
3292,0.409
3293,0.309
3294,0.324
3295,0.346
3296,0.335
3297,0.637
3298,0.885
3299,2.984
3300,2.130
3301,0.497
3302,0.766
3303,1.080
3304,1.352
3305,1.254
3306,1.286
3307,3.455
3308,2.906
3309,3.700
3310,3.460
3311,0.524
3312,0.743
3313,1.072
3314,0.733
3315,0.729
3316,0.375
3317,0.297
3318,0.319
3319,0.320
3320,0.297
3321,0.601
3322,1.122
3323,3.321
3324,2.186
3325,0.579
3326,0.651
3327,1.011
3328,1.374
3329,1.896
3330,2.873
3331,1.429
3332,0.782
3333,2.665
3334,1.698
3335,0.529
3336,0.768
3337,3.004
3338,0.703
3339,0.712
3340,0.372
3341,0.323
3342,0.330
3343,0.297
3344,0.318
3345,0.609
3346,0.970
3347,3.125
3348,2.497
3349,0.769
3350,0.789
3351,0.948
3352,1.050
3353,1.554
3354,2.377
3355,5.921
3356,2.927
3357,6.560
3358,2.420
3359,2.517
3360,0.554
3361,0.927
3362,0.777
3363,0.700
3364,0.422
3365,0.320
3366,0.328
3367,0.307
3368,0.542
3369,0.865
3370,0.796
3371,3.368
3372,2.101
3373,1.056
3374,1.339
3375,0.775
3376,0.771
3377,2.163
3378,1.681
3379,0.542
3380,0.629
3381,2.619
3382,1.690
3383,0.451
3384,1.042
3385,0.801
3386,0.834
3387,0.584
3388,0.324
3389,0.355
3390,0.313
3391,0.344
3392,0.535
3393,0.846
3394,0.845
3395,3.186
3396,2.334
3397,0.958
3398,0.754
3399,1.013
3400,1.132
3401,3.592
3402,1.324
3403,1.357
3404,1.442
3405,6.400
3406,2.403
3407,0.893
3408,0.995
3409,0.961
3410,0.833
3411,0.621
3412,0.388
3413,0.425
3414,0.343
3415,0.351
3416,0.341
3417,0.490
3418,0.781
3419,3.063
3420,2.403
3421,1.316
3422,1.554
3423,1.510
3424,1.459
3425,1.903
3426,3.093
3427,1.326
3428,0.839
3429,2.782
3430,1.798
3431,0.629
3432,0.626
3433,0.673
3434,0.772
3435,0.549
3436,0.547
3437,0.397
3438,0.334
3439,0.326
3440,0.312
3441,0.642
3442,0.885
3443,2.057
3444,1.053
3445,1.434
3446,1.588
3447,1.714
3448,2.829
3449,2.054
3450,2.893
3451,1.017
3452,0.783
3453,2.846
3454,1.870
3455,2.723
3456,0.627
3457,0.597
3458,0.701
3459,0.471
3460,0.330
3461,0.362
3462,0.348
3463,0.324
3464,0.687
3465,0.853
3466,0.751
3467,3.087
3468,2.205
3469,0.985
3470,1.506
3471,1.400
3472,1.403
3473,1.708
3474,3.482
3475,3.417
3476,2.248
3477,2.949
3478,1.748
3479,0.687
3480,1.404
3481,0.762
3482,2.953
3483,0.710
3484,0.439
3485,0.416
3486,0.467
3487,0.402
3488,0.566
3489,0.831
3490,0.666
3491,3.191
3492,2.140
3493,1.150
3494,1.405
3495,1.444
3496,1.442
3497,1.481
3498,2.611
3499,2.492
3500,0.833
3501,3.070
3502,2.694
3503,3.506
3504,3.772
3505,0.852
3506,0.905
3507,0.745
3508,0.456
3509,0.400
3510,0.373
3511,0.387
3512,0.577
3513,0.884
3514,0.725
3515,3.265
3516,2.395
3517,1.281
3518,1.474
3519,1.558
3520,1.461
3521,1.445
3522,2.782
3523,3.389
3524,3.100
3525,2.834
3526,1.637
3527,0.376
3528,0.882
3529,0.787
3530,0.752
3531,0.779
3532,0.339
3533,0.335
3534,0.324
3535,0.343
3536,0.526
3537,0.875
3538,0.713
3539,3.126
3540,2.669
3541,1.187
3542,3.156
3543,3.589
3544,3.946
3545,3.015
3546,1.811
3547,2.262
3548,1.473
3549,3.987
3550,2.287
3551,2.878
3552,1.744
3553,3.423
3554,2.697
3555,0.554
3556,0.406
3557,0.399
3558,0.373
3559,0.391
3560,0.538
3561,0.850
3562,0.769
3563,3.135
3564,2.678
3565,1.355
3566,1.502
3567,1.296
3568,1.433
3569,1.350
3570,1.164
3571,1.093
3572,0.880
3573,2.814
3574,1.616
3575,0.920
3576,1.246
3577,2.889
3578,0.707
3579,0.633
3580,0.493
3581,0.406
3582,0.370
3583,0.356
3584,0.349
3585,0.458
3586,0.785
3587,2.810
3588,2.631
3589,3.545
3590,3.686
3591,3.815
3592,3.286
3593,1.419
3594,1.279
3595,1.075
3596,0.804
3597,2.663
3598,1.702
3599,0.743
3600,0.692
3601,0.731
3602,0.676
3603,0.546
3604,0.408
3605,0.401
3606,0.410
3607,0.407
3608,0.393
3609,0.590
3610,0.856
3611,2.843
3612,2.812
3613,1.394
3614,1.371
3615,1.394
3616,1.494
3617,1.728
3618,3.321
3619,3.964
3620,0.808
3621,3.061
3622,3.145
3623,0.950
3624,1.176
3625,2.534
3626,2.097
3627,0.666
3628,0.419
3629,0.396
3630,0.371
3631,0.363
3632,0.683
3633,0.900
3634,0.789
3635,3.411
3636,2.194
3637,0.858
3638,1.065
3639,1.393
3640,1.446
3641,1.893
3642,1.445
3643,1.232
3644,1.147
3645,4.164
3646,2.137
3647,0.918
3648,1.127
3649,1.091
3650,1.047
3651,0.721
3652,0.411
3653,0.404
3654,0.386
3655,0.382
3656,0.510
3657,0.903
3658,0.812
3659,3.033
3660,2.457
3661,1.133
3662,1.414
3663,1.572
3664,1.566
3665,1.544
3666,1.405
3667,1.213
3668,1.312
3669,6.617
3670,2.117
3671,1.150
3672,2.683
3673,1.096
3674,0.913
3675,0.643
3676,0.340
3677,0.319
3678,0.349
3679,0.318
3680,0.473
3681,0.860
3682,0.759
3683,2.149
3684,1.295
3685,1.396
3686,1.542
3687,1.608
3688,1.491
3689,1.373
3690,0.991
3691,0.746
3692,0.739
3693,4.596
3694,2.338
3695,3.347
3696,1.042
3697,3.096
3698,0.719
3699,0.707
3700,0.564
3701,0.335
3702,0.346
3703,0.328
3704,0.475
3705,0.873
3706,0.759
3707,3.314
3708,2.477
3709,1.355
3710,2.672
3711,2.368
3712,3.004
3713,1.795
3714,2.316
3715,1.713
3716,3.133
3717,3.589
3718,1.947
3719,0.668
3720,1.701
3721,2.892
3722,1.479
3723,2.130
3724,0.402
3725,0.367
3726,0.328
3727,0.328
3728,0.396
3729,0.865
3730,0.963
3731,2.475
3732,1.302
3733,1.396
3734,3.545
3735,2.101
3736,4.511
3737,1.632
3738,3.711
3739,2.870
3740,0.873
3741,2.823
3742,1.835
3743,1.801
3744,2.193
3745,0.791
3746,0.798
3747,0.705
3748,0.406
3749,0.388
3750,0.393
3751,0.395
3752,0.403
3753,0.410
3754,0.954
3755,3.332
3756,2.596
3757,1.192
3758,1.295
3759,1.347
3760,1.659
3761,1.380
3762,1.204
3763,1.003
3764,0.695
3765,2.599
3766,1.655
3767,0.423
3768,0.412
3769,0.381
3770,0.396
3771,0.345
3772,0.330
3773,0.341
3774,0.357
3775,0.343
3776,0.323
3777,0.413
3778,0.838
3779,2.909
3780,2.202
3781,1.173
3782,1.319
3783,1.356
3784,1.346
3785,1.381
3786,1.201
3787,0.992
3788,0.786
3789,2.855
3790,1.870
3791,0.903
3792,0.954
3793,0.695
3794,0.884
3795,0.608
3796,0.500
3797,0.450
3798,0.415
3799,0.489
3800,0.440
3801,0.907
3802,0.823
3803,1.139
3804,1.323
3805,3.861
3806,3.446
3807,1.427
3808,1.765
3809,2.111
3810,2.374
3811,2.108
3812,2.698
3813,4.279
3814,4.233
3815,1.668
3816,1.052
3817,0.841
3818,1.184
3819,1.153
3820,0.530
3821,0.416
3822,0.465
3823,0.385
3824,0.370
3825,0.796
3826,1.040
3827,0.993
3828,1.298
3829,3.135
3830,3.338
3831,1.064
3832,0.977
3833,0.907
3834,0.946
3835,0.822
3836,1.007
3837,2.950
3838,3.296
3839,2.358
3840,2.387
3841,0.949
3842,0.783
3843,0.460
3844,0.417
3845,0.380
3846,0.424
3847,0.384
3848,0.386
3849,0.772
3850,0.773
3851,0.837
3852,0.832
3853,2.969
3854,2.857
3855,0.729
3856,0.586
3857,0.650
3858,0.807
3859,0.782
3860,0.779
3861,2.841
3862,2.674
3863,0.558
3864,0.793
3865,0.826
3866,0.762
3867,0.467
3868,0.422
3869,0.360
3870,0.371
3871,0.389
3872,0.381
3873,0.722
3874,0.943
3875,0.928
3876,1.125
3877,3.604
3878,5.505
3879,1.527
3880,1.422
3881,1.700
3882,3.564
3883,2.106
3884,0.867
3885,2.630
3886,2.669
3887,0.506
3888,0.825
3889,0.733
3890,0.721
3891,0.814
3892,0.449
3893,0.439
3894,0.401
3895,0.497
3896,0.448
3897,0.682
3898,1.029
3899,1.139
3900,1.247
3901,3.568
3902,3.737
3903,1.509
3904,1.480
3905,2.291
3906,1.985
3907,4.007
3908,2.866
3909,4.932
3910,4.611
3911,0.934
3912,1.155
3913,2.412
3914,1.302
3915,0.888
3916,0.612
3917,0.404
3918,0.398
3919,0.391
3920,0.367
3921,0.404
3922,0.805
3923,0.981
3924,1.266
3925,3.670
3926,3.977
3927,3.121
3928,3.461
3929,1.975
3930,2.596
3931,2.663
3932,1.022
3933,3.325
3934,1.099
3935,0.780
3936,0.817
3937,0.875
3938,0.945
3939,0.440
3940,0.429
3941,0.397
3942,0.405
3943,0.374
3944,0.397
3945,0.395
3946,0.807
3947,0.900
3948,1.078
3949,3.761
3950,4.160
3951,2.146
3952,2.339
3953,3.387
3954,1.732
3955,1.526
3956,1.118
3957,3.154
3958,2.955
3959,0.740
3960,0.927
3961,0.938
3962,2.505
3963,0.643
3964,0.471
3965,0.415
3966,0.412
3967,0.415
3968,0.370
3969,0.875
3970,1.007
3971,1.018
3972,1.294
3973,3.583
3974,3.996
3975,1.541
3976,1.661
3977,3.026
3978,1.386
3979,1.252
3980,0.921
3981,3.085
3982,3.315
3983,0.848
3984,0.852
3985,0.850
3986,0.673
3987,0.418
3988,0.391
3989,0.352
3990,0.349
3991,0.364
3992,0.369
3993,0.720
3994,1.042
3995,0.811
3996,1.443
3997,3.564
3998,3.862
3999,1.549
4000,1.486
4001,1.808
4002,1.456
4003,1.108
4004,0.778
4005,2.702
4006,2.704
4007,0.478
4008,0.878
4009,1.062
4010,0.580
4011,0.693
4012,0.399
4013,0.372
4014,0.390
4015,0.356
4016,0.364
4017,0.717
4018,0.962
4019,0.929
4020,1.161
4021,3.606
4022,3.895
4023,1.514
4024,1.420
4025,1.459
4026,1.368
4027,1.055
4028,0.882
4029,3.214
4030,3.415
4031,0.783
4032,0.915
4033,0.833
4034,0.681
4035,0.452
4036,0.342
4037,0.350
4038,0.353
4039,0.338
4040,0.367
4041,0.659
4042,1.093
4043,0.911
4044,1.338
4045,3.572
4046,3.865
4047,1.678
4048,1.745
4049,1.580
4050,1.497
4051,1.118
4052,0.914
4053,2.806
4054,3.263
4055,2.519
4056,1.351
4057,3.076
4058,0.771
4059,0.604
4060,0.454
4061,0.402
4062,0.387
4063,0.372
4064,0.375
4065,0.673
4066,1.179
4067,0.895
4068,1.269
4069,3.760
4070,3.885
4071,1.741
4072,2.129
4073,3.486
4074,3.043
4075,1.100
4076,1.030
4077,2.973
4078,2.833
4079,0.668
4080,1.022
4081,2.952
4082,0.717
4083,0.697
4084,0.478
4085,0.373
4086,0.386
4087,0.380
4088,0.366
4089,0.367
4090,0.837
4091,0.935
4092,1.258
4093,3.457
4094,3.896
4095,1.819
4096,1.752
4097,1.881
4098,1.303
4099,2.611
4100,1.231
4101,4.662
4102,3.133
4103,0.731
4104,0.675
4105,0.685
4106,1.611
4107,1.643
4108,0.421
4109,0.392
4110,0.538
4111,0.413
4112,0.362
4113,0.396
4114,0.873
4115,0.984
4116,1.204
4117,3.598
4118,3.845
4119,1.663
4120,1.667
4121,3.657
4122,3.637
4123,1.598
4124,3.231
4125,4.286
4126,2.719
4127,0.506
4128,0.574
4129,0.743
4130,0.750
4131,0.653
4132,0.473
4133,0.393
4134,0.373
4135,0.375
4136,0.381
4137,0.796
4138,1.023
4139,1.176
4140,1.043
4141,3.532
4142,3.883
4143,1.591
4144,1.406
4145,1.488
4146,1.450
4147,1.244
4148,1.130
4149,2.866
4150,3.017
4151,0.781
4152,1.005
4153,0.773
4154,0.655
4155,0.720
4156,0.394
4157,0.389
4158,0.373
4159,0.367
4160,0.377
4161,0.716
4162,1.194
4163,0.979
4164,1.963
4165,3.608
4166,4.150
4167,1.669
4168,1.424
4169,1.533
4170,1.580
4171,1.562
4172,2.454
4173,2.982
4174,3.203
4175,0.778
4176,0.935
4177,1.252
4178,0.909
4179,0.512
4180,0.399
4181,0.392
4182,0.349
4183,0.367
4184,0.393
4185,0.746
4186,1.054
4187,1.031
4188,1.432
4189,3.654
4190,3.886
4191,1.622
4192,1.400
4193,1.477
4194,1.392
4195,1.037
4196,0.921
4197,3.252
4198,3.171
4199,0.935
4200,0.733
4201,1.019
4202,0.848
4203,0.508
4204,0.397
4205,0.391
4206,0.412
4207,0.393
4208,0.400
4209,0.708
4210,0.862
4211,1.018
4212,1.522
4213,3.450
4214,3.002
4215,1.498
4216,1.458
4217,1.464
4218,2.003
4219,1.517
4220,1.765
4221,3.697
4222,2.641
4223,0.747
4224,0.841
4225,0.811
4226,0.918
4227,0.635
4228,0.438
4229,0.449
4230,0.437
4231,0.399
4232,0.435
4233,0.697
4234,0.867
4235,1.253
4236,1.146
4237,3.395
4238,3.516
4239,1.457
4240,2.031
4241,2.484
4242,2.304
4243,1.721
4244,1.061
4245,2.997
4246,2.882
4247,0.563
4248,0.771
4249,0.701
4250,0.828
4251,0.596
4252,0.372
4253,0.348
4254,0.344
4255,0.340
4256,0.351
4257,0.364
4258,0.668
4259,0.992
4260,1.111
4261,2.571
4262,1.485
4263,1.310
4264,0.903
4265,1.220
4266,1.108
4267,0.882
4268,0.653
4269,2.604
4270,2.729
4271,0.554
4272,0.795
4273,3.028
4274,0.717
4275,0.610
4276,0.486
4277,0.351
4278,0.346
4279,0.353
4280,0.357
4281,0.366
4282,0.715
4283,0.917
4284,1.410
4285,3.723
4286,3.716
4287,1.534
4288,1.395
4289,1.261
4290,1.243
4291,1.089
4292,0.813
4293,2.704
4294,3.324
4295,1.619
4296,1.898
4297,2.472
4298,2.730
4299,0.775
4300,0.422
4301,0.407
4302,0.352
4303,0.346
4304,0.364
4305,0.651
4306,0.800
4307,0.950
4308,1.194
4309,3.535
4310,1.740
4311,1.385
4312,1.420
4313,1.426
4314,1.558
4315,1.156
4316,0.872
4317,4.452
4318,5.060
4319,3.446
4320,2.527
4321,3.041
4322,2.288
4323,0.604
4324,0.399
4325,0.389
4326,0.376
4327,0.390
4328,0.386
4329,0.647
4330,1.114
4331,0.964
4332,1.287
4333,3.552
4334,3.989
4335,1.353
4336,1.583
4337,2.223
4338,2.760
4339,4.687
4340,2.574
4341,3.857
4342,2.597
4343,1.202
4344,4.680
4345,5.682
4346,1.068
4347,0.922
4348,0.707
4349,0.412
4350,0.422
4351,0.376
4352,0.418
4353,0.619
4354,1.024
4355,0.988
4356,1.390
4357,4.136
4358,4.957
4359,2.647
4360,1.832
4361,2.379
4362,2.333
4363,2.030
4364,1.434
4365,2.831
4366,3.288
4367,0.897
4368,1.118
4369,3.422
4370,2.162
4371,1.967
4372,0.430
4373,0.379
4374,0.412
4375,0.396
4376,0.389
4377,0.604
4378,0.773
4379,0.858
4380,2.427
4381,5.808
4382,4.015
4383,1.322
4384,1.076
4385,1.282
4386,1.780
4387,1.072
4388,0.791
4389,3.015
4390,5.107
4391,1.305
4392,2.802
4393,2.665
4394,3.955
4395,1.123
4396,0.818
4397,0.535
4398,0.447
4399,0.435
4400,0.397
4401,0.706
4402,0.940
4403,1.278
4404,3.301
4405,3.959
4406,3.750
4407,1.506
4408,1.379
4409,1.467
4410,1.338
4411,1.063
4412,0.786
4413,2.690
4414,2.678
4415,0.509
4416,0.471
4417,0.403
4418,0.395
4419,0.365
4420,0.336
4421,0.361
4422,0.348
4423,0.338
4424,0.356
4425,0.355
4426,0.616
4427,0.680
4428,0.909
4429,3.224
4430,3.552
4431,1.474
4432,1.343
4433,1.401
4434,1.309
4435,1.039
4436,0.781
4437,2.667
4438,2.638
4439,0.533
4440,0.359
4441,0.394
4442,0.387
4443,0.356
4444,0.367
4445,0.339
4446,0.362
4447,0.351
4448,0.338
4449,0.372
4450,0.714
4451,0.761
4452,0.924
4453,3.267
4454,3.562
4455,1.483
4456,1.362
4457,1.368
4458,1.323
4459,1.007
4460,0.798
4461,2.664
4462,2.672
4463,0.500
4464,0.390
4465,0.384
4466,0.387
4467,0.372
4468,0.340
4469,0.355
4470,0.359
4471,0.336
4472,0.351
4473,0.624
4474,0.813
4475,0.796
4476,0.999
4477,3.292
4478,3.616
4479,1.515
4480,1.369
4481,1.387
4482,1.276
4483,0.932
4484,0.801
4485,2.661
4486,2.682
4487,0.509
4488,0.508
4489,0.397
4490,0.377
4491,0.371
4492,0.347
4493,0.342
4494,0.368
4495,0.338
4496,0.339
4497,0.611
4498,0.761
4499,0.770
4500,0.796
4501,3.051
4502,3.535
4503,1.447
4504,1.329
4505,1.341
4506,1.285
4507,1.024
4508,0.795
4509,2.796
4510,2.707
4511,0.527
4512,0.477
4513,0.366
4514,0.431
4515,0.440
4516,0.369
4517,0.364
4518,0.325
4519,0.348
4520,0.354
4521,0.575
4522,0.787
4523,0.596
4524,0.612
4525,2.733
4526,3.255
4527,1.467
4528,1.254
4529,0.854
4530,0.628
4531,0.905
4532,0.809
4533,2.683
4534,2.665
4535,0.509
4536,0.502
4537,0.414
4538,0.393
4539,0.333
4540,0.346
4541,0.346
4542,0.323
4543,0.335
4544,0.345
4545,0.586
4546,0.833
4547,0.591
4548,0.633
4549,2.615
4550,2.942
4551,1.032
4552,0.937
4553,1.242
4554,0.959
4555,0.539
4556,0.408
4557,2.529
4558,2.611
4559,0.487
4560,0.557
4561,0.409
4562,0.368
4563,0.354
4564,0.338
4565,0.327
4566,0.349
4567,0.348
4568,0.324
4569,0.594
4570,0.866
4571,0.634
4572,0.573
4573,2.643
4574,2.904
4575,0.981
4576,1.092
4577,1.206
4578,1.000
4579,0.750
4580,0.637
4581,2.838
4582,2.890
4583,1.119
4584,0.838
4585,1.164
4586,0.928
4587,0.698
4588,0.522
4589,0.403
4590,0.419
4591,0.416
4592,0.398
4593,0.394
4594,0.692
4595,0.772
4596,1.126
4597,3.141
4598,1.468
4599,1.594
4600,1.445
4601,1.602
4602,1.636
4603,1.202
4604,0.918
4605,4.091
4606,3.527
4607,2.997
4608,3.059
4609,3.064
4610,1.749
4611,1.631
4612,0.746
4613,0.395
4614,0.423
4615,0.366
4616,0.360
4617,0.364
4618,0.796
4619,0.948
4620,1.049
4621,3.658
4622,3.617
4623,1.704
4624,1.563
4625,1.763
4626,1.620
4627,1.701
4628,2.578
4629,3.867
4630,2.926
4631,0.757
4632,0.989
4633,0.879
4634,0.851
4635,0.534
4636,0.402
4637,0.483
4638,0.493
4639,0.408
4640,0.412
4641,0.815
4642,0.932
4643,1.133
4644,1.281
4645,3.331
4646,3.802
4647,1.767
4648,1.485
4649,1.670
4650,1.543
4651,1.038
4652,0.912
4653,5.019
4654,2.736
4655,1.912
4656,1.563
4657,1.393
4658,0.820
4659,0.523
4660,0.398
4661,0.383
4662,0.409
4663,0.375
4664,0.460
4665,0.624
4666,1.048
4667,0.850
4668,1.278
4669,3.416
4670,3.804
4671,1.655
4672,1.397
4673,1.431
4674,1.421
4675,1.170
4676,0.471
4677,0.003
4678,0.215
4679,0.521
4680,0.958
4681,0.765
4682,0.741
4683,0.477
4684,0.432
4685,0.386
4686,0.369
4687,0.139
4688,0.679
4689,2.849
4690,1.942
4691,0.869
4692,1.317
4693,4.292
4694,3.728
4695,1.416
4696,1.706
4697,2.138
4698,3.504
4699,1.153
4700,0.905
4701,2.835
4702,0.636
4703,0.663
4704,0.772
4705,0.683
4706,0.813
4707,0.383
4708,0.460
4709,0.395
4710,0.340
4711,0.372
4712,0.348
4713,0.576
4714,0.727
4715,0.929
4716,1.284
4717,3.588
4718,3.715
4719,1.375
4720,1.411
4721,1.461
4722,1.333
4723,1.045
4724,0.944
4725,3.274
4726,2.855
4727,0.653
4728,0.731
4729,0.988
4730,1.071
4731,0.440
4732,0.384
4733,0.341
4734,0.364
4735,0.369
4736,0.324
4737,0.605
4738,0.781
4739,1.045
4740,1.186
4741,3.510
4742,3.605
4743,1.344
4744,1.354
4745,1.553
4746,1.081
4747,1.535
4748,1.402
4749,2.831
4750,2.682
4751,1.495
4752,2.471
4753,0.737
4754,0.810
4755,0.739
4756,0.497
4757,0.507
4758,0.340
4759,0.333
4760,0.336
4761,0.320
4762,0.681
4763,0.978
4764,1.053
4765,4.774
4766,4.754
4767,2.128
4768,3.511
4769,1.776
4770,1.460
4771,2.790
4772,0.950
4773,3.166
4774,1.555
4775,0.664
4776,1.061
4777,1.364
4778,3.171
4779,0.782
4780,0.328
4781,0.352
4782,0.359
4783,0.406
4784,0.338
4785,0.339
4786,0.607
4787,0.616
4788,1.122
4789,2.887
4790,2.223
4791,0.936
4792,1.105
4793,1.155
4794,1.128
4795,1.787
4796,1.535
4797,3.988
4798,2.911
4799,0.957
4800,0.793
4801,0.804
4802,0.778
4803,0.483
4804,0.420
4805,0.385
4806,0.395
4807,0.404
4808,0.479
4809,0.574
4810,0.714
4811,1.092
4812,1.065
4813,3.386
4814,3.468
4815,2.225
4816,4.683
4817,3.769
4818,2.802
4819,2.400
4820,1.996
4821,4.123
4822,3.491
4823,3.015
4824,1.094
4825,2.927
4826,1.072
4827,0.607
4828,0.492
4829,0.443
4830,0.404
4831,0.387
4832,0.367
4833,0.593
4834,0.983
4835,0.898
4836,1.093
4837,3.595
4838,2.976
4839,1.439
4840,1.406
4841,1.471
4842,1.324
4843,1.307
4844,0.894
4845,3.049
4846,2.234
4847,0.641
4848,0.704
4849,0.692
4850,0.681
4851,0.407
4852,0.372
4853,0.375
4854,0.375
4855,0.374
4856,0.604
4857,0.558
4858,0.783
4859,0.978
4860,1.249
4861,3.684
4862,2.847
4863,1.407
4864,1.546
4865,1.668
4866,1.414
4867,1.142
4868,0.890
4869,2.961
4870,2.068
4871,0.547
4872,0.557
4873,0.544
4874,0.692
4875,0.627
4876,0.391
4877,0.342
4878,0.372
4879,0.368
4880,0.357
4881,0.583
4882,1.032
4883,0.811
4884,1.052
4885,3.579
4886,1.437
4887,1.406
4888,1.414
4889,1.469
4890,1.438
4891,1.133
4892,1.074
4893,3.225
4894,3.305
4895,0.782
4896,3.418
4897,2.985
4898,1.207
4899,0.441
4900,0.387
4901,0.351
4902,0.376
4903,0.378
4904,0.420
4905,0.730
4906,0.849
4907,0.861
4908,1.390
4909,3.838
4910,5.114
4911,1.465
4912,1.465
4913,1.633
4914,1.368
4915,1.121
4916,0.973
4917,3.011
4918,1.910
4919,0.475
4920,0.895
4921,0.745
4922,0.909
4923,0.430
4924,0.305
4925,0.319
4926,0.325
4927,0.324
4928,0.322
4929,0.308
4930,0.611
4931,0.797
4932,0.907
4933,3.444
4934,2.819
4935,1.362
4936,1.359
4937,1.460
4938,1.458
4939,1.131
4940,0.840
4941,2.871
4942,1.822
4943,0.397
4944,0.602
4945,0.781
4946,0.699
4947,0.507
4948,0.324
4949,0.343
4950,0.315
4951,0.313
4952,0.309
4953,0.327
4954,0.654
4955,0.808
4956,1.038
4957,3.402
4958,2.829
4959,1.365
4960,1.351
4961,1.414
4962,1.495
4963,1.116
4964,0.910
4965,2.807
4966,1.811
4967,0.580
4968,0.590
4969,0.543
4970,0.755
4971,0.387
4972,0.380
4973,0.383
4974,0.293
4975,0.308
4976,0.329
4977,0.652
4978,0.747
4979,1.100
4980,1.300
4981,3.318
4982,2.395
4983,1.330
4984,1.492
4985,2.259
4986,1.996
4987,2.327
4988,2.421
4989,3.945
4990,2.498
4991,0.874
4992,1.306
4993,3.232
4994,0.912
4995,0.507
4996,0.421
4997,0.381
4998,0.366
4999,0.371
5000,0.369
5001,0.586
5002,0.739
5003,1.167
5004,1.046
5005,4.135
5006,3.500
5007,2.687
5008,2.171
5009,4.824
5010,2.993
5011,2.651
5012,2.376
5013,4.352
5014,2.290
5015,3.884
5016,1.163
5017,0.956
5018,0.877
5019,0.487
5020,0.438
5021,0.449
5022,0.422
5023,0.390
5024,0.409
5025,0.587
5026,0.768
5027,1.398
5028,1.248
5029,3.656
5030,3.658
5031,2.911
5032,2.701
5033,4.958
5034,3.927
5035,2.818
5036,2.247
5037,4.085
5038,2.195
5039,0.748
5040,0.889
5041,0.889
5042,0.955
5043,0.500
5044,0.463
5045,0.404
5046,0.378
5047,0.386
5048,0.404
5049,0.564
5050,0.710
5051,1.052
5052,1.201
5053,3.775
5054,3.077
5055,1.412
5056,1.353
5057,1.896
5058,1.922
5059,1.866
5060,1.755
5061,3.255
5062,2.319
5063,0.740
5064,0.919
5065,0.966
5066,2.132
5067,0.717
5068,0.625
5069,0.384
5070,0.387
5071,0.379
5072,0.361
5073,0.543
5074,0.777
5075,0.830
5076,1.154
5077,3.329
5078,3.043
5079,0.893
5080,1.419
5081,1.466
5082,1.369
5083,1.051
5084,0.897
5085,3.101
5086,2.053
5087,0.489
5088,0.668
5089,0.822
5090,0.872
5091,0.531
5092,0.409
5093,0.406
5094,0.421
5095,0.426
5096,0.392
5097,0.383
5098,0.634
5099,0.848
5100,1.063
5101,3.558
5102,3.040
5103,1.357
5104,1.405
5105,1.533
5106,1.402
5107,1.114
5108,0.849
5109,2.879
5110,1.985
5111,0.646
5112,0.820
5113,1.000
5114,0.897
5115,0.513
5116,0.512
5117,0.413
5118,0.367
5119,0.367
5120,0.384
5121,0.372
5122,0.607
5123,0.760
5124,1.009
5125,3.610
5126,2.973
5127,1.559
5128,1.447
5129,2.063
5130,3.360
5131,1.440
5132,1.670
5133,3.941
5134,3.563
5135,0.796
5136,0.951
5137,0.738
5138,0.783
5139,0.585
5140,0.381
5141,0.392
5142,0.435
5143,0.372
5144,0.375
5145,0.585
5146,0.766
5147,1.065
5148,1.235
5149,3.616
5150,2.935
5151,1.427
5152,1.408
5153,1.486
5154,1.392
5155,1.086
5156,0.954
5157,3.694
5158,2.671
5159,0.667
5160,0.723
5161,0.782
5162,0.736
5163,0.687
5164,0.377
5165,0.379
5166,0.439
5167,0.366
5168,0.356
5169,0.505
5170,0.997
5171,0.871
5172,1.199
5173,3.141
5174,2.712
5175,1.253
5176,0.744
5177,1.069
5178,1.505
5179,1.168
5180,2.691
5181,3.699
5182,2.302
5183,0.714
5184,0.869
5185,0.916
5186,0.729
5187,0.754
5188,0.396
5189,0.437
5190,0.397
5191,0.348
5192,0.351
5193,0.546
5194,1.002
5195,0.895
5196,1.417
5197,3.580
5198,3.212
5199,1.453
5200,1.422
5201,1.494
5202,1.484
5203,1.039
5204,0.752
5205,2.893
5206,1.958
5207,0.406
5208,0.601
5209,0.777
5210,0.756
5211,0.371
5212,0.381
5213,0.379
5214,0.335
5215,0.347
5216,0.366
5217,0.533
5218,0.727
5219,1.119
5220,0.739
5221,3.228
5222,2.334
5223,0.879
5224,0.874
5225,1.738
5226,2.544
5227,1.602
5228,1.440
5229,3.883
5230,2.237
5231,1.012
5232,1.347
5233,3.036
5234,0.898
5235,0.815
5236,0.516
5237,0.438
5238,0.438
5239,0.395
5240,0.381
5241,0.588
5242,0.792
5243,0.940
5244,1.371
5245,5.747
5246,3.258
5247,1.423
5248,1.492
5249,1.528
5250,1.455
5251,1.178
5252,0.941
5253,3.297
5254,2.629
5255,0.905
5256,1.010
5257,0.949
5258,1.077
5259,0.690
5260,0.473
5261,0.410
5262,0.382
5263,0.373
5264,0.376
5265,0.400
5266,0.730
5267,0.971
5268,1.195
5269,3.634
5270,2.912
5271,1.372
5272,1.372
5273,1.436
5274,1.330
5275,1.064
5276,0.806
5277,2.799
5278,1.944
5279,0.528
5280,0.581
5281,0.601
5282,0.678
5283,0.629
5284,0.335
5285,0.343
5286,0.367
5287,0.357
5288,0.339
5289,0.335
5290,0.673
5291,0.978
5292,1.138
5293,3.565
5294,3.051
5295,1.473
5296,1.786
5297,1.726
5298,3.481
5299,2.948
5300,2.934
5301,2.936
5302,3.042
5303,1.002
5304,1.217
5305,0.949
5306,1.751
5307,0.599
5308,0.393
5309,0.355
5310,0.385
5311,0.353
5312,0.340
5313,0.657
5314,0.965
5315,0.986
5316,1.291
5317,3.536
5318,2.808
5319,1.385
5320,1.400
5321,1.793
5322,3.201
5323,1.080
5324,0.863
5325,4.079
5326,2.313
5327,0.370
5328,0.768
5329,2.939
5330,0.720
5331,0.359
5332,0.369
5333,0.297
5334,0.328
5335,0.349
5336,0.315
5337,0.544
5338,1.058
5339,0.846
5340,1.395
5341,4.989
5342,4.002
5343,1.599
5344,1.643
5345,1.713
5346,1.406
5347,1.141
5348,3.386
5349,3.571
5350,2.199
5351,2.863
5352,3.031
5353,0.726
5354,0.822
5355,0.645
5356,0.382
5357,0.355
5358,0.347
5359,0.357
5360,0.318
5361,0.641
5362,0.823
5363,1.065
5364,1.348
5365,3.736
5366,3.052
5367,1.413
5368,1.415
5369,1.426
5370,1.375
5371,1.140
5372,0.916
5373,3.333
5374,2.171
5375,0.764
5376,0.942
5377,0.808
5378,0.786
5379,0.622
5380,0.394
5381,0.413
5382,0.427
5383,0.334
5384,0.423
5385,0.641
5386,0.750
5387,1.179
5388,1.405
5389,3.414
5390,2.926
5391,1.530
5392,1.409
5393,1.648
5394,2.568
5395,2.170
5396,0.934
5397,4.611
5398,2.295
5399,1.236
5400,1.040
5401,0.643
5402,0.767
5403,0.767
5404,0.500
5405,0.314
5406,0.414
5407,0.374
5408,0.318
5409,0.549
5410,0.763
5411,1.029
5412,1.138
5413,3.398
5414,3.083
5415,1.505
5416,1.618
5417,1.530
5418,1.408
5419,1.217
5420,0.880
5421,2.745
5422,1.891
5423,0.784
5424,1.198
5425,0.843
5426,2.870
5427,0.435
5428,0.411
5429,0.405
5430,0.375
5431,0.333
5432,0.371
5433,0.345
5434,0.596
5435,1.072
5436,1.160
5437,3.428
5438,2.929
5439,1.444
5440,1.588
5441,1.530
5442,2.434
5443,3.062
5444,2.592
5445,4.099
5446,4.940
5447,2.043
5448,3.263
5449,1.674
5450,0.800
5451,0.982
5452,0.556
5453,0.523
5454,0.474
5455,0.440
5456,0.388
5457,0.357
5458,0.614
5459,0.921
5460,1.079
5461,3.423
5462,3.981
5463,2.783
5464,2.930
5465,3.659
5466,4.097
5467,4.084
5468,3.816
5469,6.237
5470,3.247
5471,4.021
5472,2.404
5473,3.269
5474,0.994
5475,0.964
5476,0.423
5477,0.448
5478,0.471
5479,0.507
5480,0.421
5481,0.614
5482,0.830
5483,1.165
5484,1.343
5485,4.365
5486,3.879
5487,2.975
5488,3.146
5489,4.138
5490,3.843
5491,5.004
5492,2.464
5493,4.337
5494,3.648
5495,1.410
5496,2.711
5497,2.737
5498,3.183
5499,2.548
5500,1.137
5501,0.447
5502,0.416
5503,0.403
5504,0.404
5505,0.589
5506,0.859
5507,1.569
5508,3.571
5509,3.564
5510,3.025
5511,1.519
5512,1.425
5513,1.454
5514,1.347
5515,1.608
5516,1.260
5517,2.988
5518,2.128
5519,0.567
5520,0.751
5521,0.723
5522,0.570
5523,0.448
5524,0.384
5525,0.388
5526,0.369
5527,0.372
5528,0.362
5529,0.545
5530,0.753
5531,1.062
5532,2.329
5533,3.344
5534,2.819
5535,1.392
5536,1.500
5537,1.482
5538,1.341
5539,1.080
5540,1.075
5541,2.963
5542,1.935
5543,0.536
5544,0.798
5545,0.689
5546,0.390
5547,0.393
5548,0.371
5549,0.350
5550,0.355
5551,0.373
5552,0.360
5553,0.515
5554,1.019
5555,0.867
5556,0.767
5557,3.115
5558,3.012
5559,1.482
5560,1.388
5561,1.475
5562,1.357
5563,1.096
5564,0.889
5565,2.853
5566,1.994
5567,0.552
5568,0.871
5569,0.779
5570,0.880
5571,0.567
5572,0.356
5573,0.346
5574,0.329
5575,0.326
5576,0.334
5577,0.481
5578,1.012
5579,1.019
5580,1.168
5581,3.479
5582,2.884
5583,1.350
5584,1.432
5585,1.539
5586,1.348
5587,1.102
5588,1.114
5589,2.842
5590,2.059
5591,0.488
5592,0.612
5593,0.871
5594,0.728
5595,0.429
5596,0.319
5597,0.330
5598,0.326
5599,0.318
5600,0.309
5601,0.328
5602,0.828
5603,0.527
5604,1.175
5605,3.436
5606,2.984
5607,1.382
5608,1.314
5609,2.353
5610,1.181
5611,0.974
5612,0.751
5613,2.659
5614,1.836
5615,0.540
5616,0.641
5617,0.651
5618,0.756
5619,0.863
5620,0.878
5621,0.388
5622,0.349
5623,0.376
5624,0.362
5625,0.381
5626,0.648
5627,0.532
5628,0.700
5629,3.613
5630,2.871
5631,1.577
5632,1.639
5633,1.526
5634,1.424
5635,1.170
5636,0.929
5637,2.761
5638,2.025
5639,0.620
5640,0.799
5641,0.909
5642,0.895
5643,0.839
5644,0.565
5645,0.550
5646,0.530
5647,0.514
5648,0.515
5649,0.776
5650,1.034
5651,1.202
5652,1.470
5653,1.435
5654,1.567
5655,1.565
5656,1.563
5657,1.510
5658,1.420
5659,1.045
5660,0.731
5661,1.121
5662,3.061
5663,0.786
5664,0.794
5665,0.716
5666,0.661
5667,0.339
5668,0.326
5669,0.352
5670,0.326
5671,0.311
5672,0.314
5673,0.527
5674,0.952
5675,0.784
5676,2.190
5677,3.633
5678,3.595
5679,1.371
5680,1.413
5681,1.392
5682,1.408
5683,1.100
5684,0.778
5685,2.974
5686,2.476
5687,1.086
5688,3.281
5689,0.806
5690,0.660
5691,0.630
5692,0.461
5693,0.304
5694,0.340
5695,0.318
5696,0.308
5697,0.543
5698,0.912
5699,0.804
5700,1.127
5701,3.529
5702,3.602
5703,1.363
5704,1.244
5705,1.521
5706,1.248
5707,1.703
5708,1.257
5709,3.211
5710,1.900
5711,0.494
5712,0.490
5713,0.558
5714,0.668
5715,0.420
5716,0.334
5717,0.346
5718,0.320
5719,0.351
5720,0.327
5721,0.557
5722,0.753
5723,1.155
5724,1.372
5725,3.617
5726,3.137
5727,1.346
5728,2.081
5729,2.472
5730,3.040
5731,1.990
5732,2.078
5733,3.881
5734,2.480
5735,1.399
5736,2.152
5737,2.025
5738,0.739
5739,0.694
5740,0.758
5741,0.367
5742,0.315
5743,0.359
5744,0.335
5745,0.453
5746,0.811
5747,1.001
5748,1.558
5749,4.917
5750,4.894
5751,2.645
5752,3.283
5753,3.217
5754,3.680
5755,2.443
5756,2.460
5757,5.800
5758,2.741
5759,0.910
5760,0.903
5761,0.706
5762,0.712
5763,0.672
5764,0.404
5765,0.365
5766,0.351
5767,0.381
5768,0.345
5769,0.364
5770,0.714
5771,0.748
5772,1.063
5773,3.060
5774,3.212
5775,3.806
5776,2.593
5777,2.232
5778,1.570
5779,2.344
5780,3.551
5781,3.811
5782,2.276
5783,3.063
5784,0.868
5785,2.501
5786,0.734
5787,0.391
5788,0.370
5789,0.372
5790,0.366
5791,0.363
5792,0.355
5793,0.333
5794,0.659
5795,1.161
5796,1.418
5797,3.517
5798,3.534
5799,1.455
5800,1.525
5801,1.569
5802,1.327
5803,1.203
5804,2.703
5805,4.376
5806,2.512
5807,0.718
5808,0.761
5809,0.774
5810,0.825
5811,0.483
5812,0.351
5813,0.380
5814,0.317
5815,0.340
5816,0.363
5817,0.564
5818,0.808
5819,1.264
5820,1.329
5821,3.515
5822,3.552
5823,1.498
5824,1.368
5825,1.701
5826,1.685
5827,1.576
5828,2.714
5829,3.461
5830,2.586
5831,0.858
5832,0.745
5833,1.008
5834,0.720
5835,0.655
5836,0.372
5837,0.361
5838,0.350
5839,0.335
5840,0.354
5841,0.532
5842,0.964
5843,0.933
5844,1.325
5845,3.300
5846,3.357
5847,1.408
5848,1.351
5849,1.378
5850,1.297
5851,1.021
5852,0.793
5853,2.690
5854,1.946
5855,0.736
5856,0.759
5857,0.901
5858,2.247
5859,0.480
5860,0.408
5861,0.534
5862,0.561
5863,0.458
5864,0.318
5865,0.504
5866,0.765
5867,0.927
5868,1.084
5869,3.471
5870,3.392
5871,1.396
5872,1.439
5873,1.550
5874,1.456
5875,1.064
5876,1.100
5877,5.130
5878,2.495
5879,2.692
5880,0.882
5881,0.807
5882,0.708
5883,0.401
5884,0.335
5885,0.335
5886,0.343
5887,0.345
5888,0.321
5889,0.510
5890,0.688
5891,1.004
5892,1.306
5893,5.198
5894,3.765
5895,1.397
5896,1.709
5897,4.078
5898,1.478
5899,0.971
5900,0.724
5901,2.610
5902,1.950
5903,0.363
5904,0.346
5905,0.703
5906,0.875
5907,0.755
5908,0.487
5909,0.386
5910,0.317
5911,0.331
5912,0.346
5913,0.510
5914,0.750
5915,0.997
5916,1.529
5917,3.734
5918,5.666
5919,1.515
5920,1.422
5921,1.398
5922,1.294
5923,0.998
5924,0.633
5925,2.570
5926,1.940
5927,0.572
5928,0.773
5929,0.759
5930,0.740
5931,0.377
5932,0.311
5933,0.340
5934,0.318
5935,0.306
5936,0.333
5937,0.315
5938,0.634
5939,0.933
5940,1.134
5941,3.629
5942,3.545
5943,1.458
5944,1.533
5945,1.548
5946,1.479
5947,1.056
5948,0.712
5949,2.687
5950,2.067
5951,0.817
5952,2.584
5953,0.828
5954,0.664
5955,0.362
5956,0.335
5957,0.427
5958,0.460
5959,0.505
5960,0.441
5961,0.325
5962,0.689
5963,0.640
5964,1.242
5965,3.309
5966,3.336
5967,1.584
5968,3.190
5969,2.080
5970,1.320
5971,2.462
5972,1.169
5973,2.609
5974,1.937
5975,0.522
5976,0.654
5977,0.653
5978,0.770
5979,0.392
5980,0.331
5981,0.313
5982,0.345
5983,0.310
5984,0.319
5985,0.590
5986,0.742
5987,1.055
5988,1.272
5989,3.378
5990,1.316
5991,1.338
5992,1.383
5993,2.699
5994,1.828
5995,2.280
5996,1.699
5997,3.257
5998,2.816
5999,0.755
6000,0.881
6001,0.739
6002,0.696
6003,0.625
6004,0.379
6005,0.358
6006,0.327
6007,0.353
6008,0.306
6009,0.550
6010,0.866
6011,0.978
6012,1.211
6013,3.349
6014,2.414
6015,1.366
6016,1.654
6017,2.414
6018,2.684
6019,2.901
6020,1.893
6021,3.375
6022,2.420
6023,1.250
6024,0.614
6025,0.708
6026,0.682
6027,0.517
6028,0.385
6029,0.329
6030,0.356
6031,0.347
6032,0.343
6033,0.516
6034,0.708
6035,0.956
6036,1.410
6037,5.434
6038,2.787
6039,1.747
6040,2.067
6041,3.003
6042,3.153
6043,5.093
6044,2.681
6045,4.114
6046,4.133
6047,1.859
6048,1.771
6049,3.232
6050,1.997
6051,0.811
6052,0.775
6053,0.493
6054,0.362
6055,0.346
6056,0.386
6057,0.487
6058,0.736
6059,1.228
6060,1.229
6061,3.602
6062,3.602
6063,2.560
6064,2.857
6065,3.628
6066,2.797
6067,2.552
6068,2.362
6069,3.384
6070,2.838
6071,1.229
6072,1.709
6073,0.918
6074,0.740
6075,0.791
6076,0.423
6077,0.393
6078,0.394
6079,0.353
6080,0.369
6081,0.483
6082,1.126
6083,1.799
6084,2.021
6085,3.451
6086,3.990
6087,2.356
6088,2.826
6089,2.727
6090,2.590
6091,2.336
6092,2.105
6093,3.488
6094,3.219
6095,0.728
6096,0.679
6097,0.872
6098,0.548
6099,0.402
6100,0.372
6101,0.360
6102,0.376
6103,0.351
6104,0.385
6105,0.359
6106,0.647
6107,1.100
6108,0.767
6109,2.943
6110,3.041
6111,0.676
6112,0.440
6113,0.680
6114,0.650
6115,0.458
6116,0.426
6117,2.437
6118,2.613
6119,0.446
6120,0.387
6121,0.400
6122,0.731
6123,0.360
6124,0.338
6125,0.384
6126,0.333
6127,0.353
6128,0.351
6129,0.338
6130,0.658
6131,0.822
6132,2.324
6133,2.824
6134,2.869
6135,0.881
6136,0.969
6137,0.932
6138,1.046
6139,0.879
6140,0.812
6141,2.501
6142,2.972
6143,1.041
6144,0.804
6145,0.952
6146,0.828
6147,0.532
6148,0.467
6149,0.437
6150,0.453
6151,0.447
6152,0.611
6153,0.683
6154,0.843
6155,0.922
6156,0.935
6157,3.161
6158,3.354
6159,1.115
6160,2.268
6161,1.716
6162,0.612
6163,0.596
6164,0.515
6165,2.556
6166,2.654
6167,0.467
6168,0.356
6169,0.433
6170,0.883
6171,0.685
6172,0.450
6173,0.359
6174,0.362
6175,0.305
6176,0.357
6177,0.547
6178,0.976
6179,1.109
6180,1.275
6181,3.208
6182,3.483
6183,1.469
6184,1.322
6185,1.407
6186,1.254
6187,0.838
6188,0.692
6189,4.165
6190,3.141
6191,1.142
6192,2.299
6193,0.860
6194,0.706
6195,0.413
6196,0.315
6197,0.358
6198,0.309
6199,0.295
6200,0.317
6201,0.491
6202,0.701
6203,0.801
6204,1.342
6205,3.178
6206,3.136
6207,0.765
6208,0.988
6209,1.011
6210,1.033
6211,0.670
6212,0.674
6213,2.817
6214,3.169
6215,1.119
6216,1.312
6217,2.382
6218,0.779
6219,0.457
6220,0.339
6221,0.324
6222,0.321
6223,0.333
6224,0.307
6225,0.543
6226,0.905
6227,0.653
6228,0.936
6229,3.351
6230,3.719
6231,1.447
6232,1.318
6233,1.677
6234,3.539
6235,0.986
6236,0.650
6237,2.764
6238,2.633
6239,1.245
6240,2.506
6241,0.564
6242,0.579
6243,0.623
6244,0.339
6245,0.307
6246,0.338
6247,0.311
6248,0.305
6249,0.526
6250,0.717
6251,0.902
6252,1.367
6253,4.403
6254,5.033
6255,1.457
6256,1.373
6257,1.406
6258,3.161
6259,3.299
6260,3.705
6261,4.233
6262,4.792
6263,1.794
6264,0.839
6265,1.857
6266,1.467
6267,0.691
6268,0.675
6269,0.340
6270,0.332
6271,0.331
6272,0.338
6273,0.318
6274,0.599
6275,0.662
6276,1.187
6277,3.927
6278,5.410
6279,3.841
6280,3.646
6281,5.054
6282,2.576
6283,3.303
6284,3.150
6285,2.987
6286,2.943
6287,0.760
6288,0.713
6289,1.617
6290,2.084
6291,0.665
6292,0.359
6293,0.372
6294,0.319
6295,0.344
6296,0.349
6297,0.330
6298,0.811
6299,0.705
6300,1.138
6301,3.777
6302,3.156
6303,2.774
6304,2.377
6305,2.277
6306,3.249
6307,5.014
6308,2.409
6309,4.417
6310,5.838
6311,3.393
6312,1.660
6313,1.382
6314,1.131
6315,0.547
6316,0.423
6317,0.404
6318,0.407
6319,0.391
6320,0.402
6321,0.582
6322,0.945
6323,1.298
6324,2.482
6325,3.438
6326,2.472
6327,2.247
6328,1.773
6329,2.420
6330,2.408
6331,2.507
6332,1.949
6333,3.123
6334,2.871
6335,1.900
6336,0.663
6337,0.407
6338,0.394
6339,0.351
6340,0.384
6341,0.353
6342,0.357
6343,0.380
6344,0.347
6345,0.530
6346,0.711
6347,1.012
6348,0.962
6349,3.177
6350,3.421
6351,2.538
6352,1.368
6353,1.272
6354,1.256
6355,0.903
6356,0.637
6357,2.473
6358,2.616
6359,1.622
6360,0.381
6361,0.409
6362,0.396
6363,0.348
6364,0.366
6365,0.357
6366,0.334
6367,0.348
6368,0.356
6369,0.534
6370,0.836
6371,0.999
6372,1.001
6373,3.176
6374,3.458
6375,2.555
6376,1.335
6377,1.279
6378,1.223
6379,0.891
6380,0.621
6381,2.439
6382,2.608
6383,1.598
6384,0.375
6385,0.408
6386,0.377
6387,0.584
6388,0.363
6389,0.337
6390,0.344
6391,0.365
6392,0.344
6393,0.528
6394,0.842
6395,1.051
6396,0.911
6397,3.000
6398,3.391
6399,2.504
6400,1.300
6401,1.221
6402,1.058
6403,2.285
6404,2.186
6405,3.655
6406,3.202
6407,2.260
6408,0.750
6409,0.848
6410,0.776
6411,0.612
6412,0.438
6413,0.354
6414,0.342
6415,0.344
6416,0.359
6417,0.493
6418,1.098
6419,0.959
6420,1.166
6421,3.140
6422,3.607
6423,2.659
6424,3.536
6425,5.509
6426,4.358
6427,3.698
6428,2.883
6429,3.081
6430,3.034
6431,1.965
6432,0.737
6433,0.676
6434,1.040
6435,0.905
6436,0.414
6437,0.374
6438,0.319
6439,0.345
6440,0.359
6441,0.359
6442,0.614
6443,1.120
6444,0.996
6445,3.405
6446,3.810
6447,3.088
6448,3.613
6449,1.795
6450,2.431
6451,1.844
6452,2.781
6453,3.250
6454,2.750
6455,1.855
6456,0.600
6457,0.691
6458,0.721
6459,0.559
6460,0.383
6461,0.339
6462,0.366
6463,0.352
6464,0.342
6465,0.370
6466,0.651
6467,0.806
6468,1.022
6469,3.659
6470,3.716
6471,2.780
6472,1.282
6473,2.526
6474,2.057
6475,3.246
6476,2.459
6477,3.784
6478,3.077
6479,1.967
6480,0.763
6481,0.857
6482,0.723
6483,0.371
6484,0.342
6485,0.374
6486,0.355
6487,0.343
6488,0.371
6489,0.561
6490,0.804
6491,1.126
6492,0.965
6493,2.989
6494,3.277
6495,2.522
6496,1.365
6497,1.186
6498,1.188
6499,1.005
6500,1.098
6501,3.228
6502,2.995
6503,4.013
6504,0.975
6505,0.846
6506,0.672
6507,0.611
6508,0.405
6509,0.348
6510,0.332
6511,0.305
6512,0.343
6513,0.510
6514,0.928
6515,0.807
6516,1.121
6517,2.857
6518,3.180
6519,2.002
6520,0.716
6521,0.855
6522,1.147
6523,0.713
6524,0.562
6525,3.367
6526,3.215
6527,2.082
6528,0.805
6529,0.667
6530,0.680
6531,0.415
6532,0.327
6533,0.353
6534,0.332
6535,0.339
6536,0.341
6537,0.519
6538,0.702
6539,0.782
6540,0.819
6541,2.668
6542,2.953
6543,1.757
6544,0.412
6545,0.439
6546,0.591
6547,0.434
6548,0.658
6549,4.451
6550,3.330
6551,2.163
6552,0.868
6553,0.885
6554,2.616
6555,0.403
6556,0.325
6557,0.371
6558,0.317
6559,0.350
6560,0.322
6561,0.541
6562,0.744
6563,0.796
6564,0.963
6565,3.061
6566,3.558
6567,2.585
6568,1.072
6569,1.435
6570,1.285
6571,0.750
6572,0.984
6573,5.843
6574,4.296
6575,4.375
6576,1.448
6577,0.842
6578,0.878
6579,0.698
6580,0.352
6581,0.353
6582,0.330
6583,0.328
6584,0.347
6585,0.564
6586,0.944
6587,0.813
6588,1.199
6589,3.225
6590,3.591
6591,2.518
6592,1.487
6593,1.266
6594,1.277
6595,1.092
6596,0.769
6597,2.456
6598,2.731
6599,1.741
6600,0.722
6601,0.697
6602,0.900
6603,0.758
6604,0.531
6605,0.398
6606,0.334
6607,0.342
6608,0.359
6609,0.359
6610,0.582
6611,0.773
6612,0.915
6613,3.446
6614,3.779
6615,2.673
6616,1.334
6617,1.550
6618,3.045
6619,3.716
6620,1.960
6621,4.890
6622,2.682
6623,1.860
6624,0.548
6625,0.522
6626,0.885
6627,0.581
6628,0.398
6629,0.330
6630,0.346
6631,0.348
6632,0.340
6633,0.322
6634,0.699
6635,0.897
6636,1.125
6637,3.106
6638,3.455
6639,2.403
6640,1.292
6641,1.218
6642,1.166
6643,0.816
6644,0.647
6645,2.794
6646,3.042
6647,1.892
6648,0.650
6649,0.689
6650,0.682
6651,0.358
6652,0.342
6653,0.357
6654,0.357
6655,0.330
6656,0.323
6657,0.644
6658,0.810
6659,1.007
6660,1.155
6661,3.288
6662,3.646
6663,2.299
6664,1.407
6665,1.378
6666,1.141
6667,0.853
6668,0.702
6669,3.020
6670,3.266
6671,2.071
6672,3.186
6673,0.749
6674,0.697
6675,0.382
6676,0.352
6677,0.332
6678,0.353
6679,0.363
6680,0.336
6681,0.567
6682,1.061
6683,0.875
6684,1.110
6685,3.106
6686,1.710
6687,1.315
6688,1.307
6689,1.224
6690,1.199
6691,0.891
6692,0.674
6693,2.597
6694,2.700
6695,1.740
6696,0.610
6697,0.601
6698,0.648
6699,0.454
6700,0.356
6701,0.336
6702,0.317
6703,0.353
6704,0.342
6705,0.534
6706,0.679
6707,0.669
6708,1.148
6709,3.273
6710,3.658
6711,2.296
6712,3.047
6713,1.660
6714,1.154
6715,0.892
6716,0.700
6717,2.737
6718,2.958
6719,2.057
6720,0.742
6721,1.848
6722,0.698
6723,0.455
6724,0.338
6725,0.353
6726,0.358
6727,0.338
6728,0.358
6729,0.561
6730,0.698
6731,0.993
6732,1.333
6733,3.165
6734,3.616
6735,1.522
6736,1.302
6737,1.212
6738,1.161
6739,0.806
6740,0.697
6741,2.539
6742,2.657
6743,1.616
6744,0.535
6745,0.615
6746,0.658
6747,0.595
6748,0.362
6749,0.390
6750,0.402
6751,0.365
6752,0.376
6753,0.565
6754,0.695
6755,0.942
6756,1.131
6757,3.163
6758,2.628
6759,1.448
6760,1.344
6761,1.259
6762,1.375
6763,0.907
6764,0.514
6765,2.485
6766,2.810
6767,1.801
6768,0.591
6769,0.557
6770,0.803
6771,0.510
6772,0.505
6773,0.382
6774,0.326
6775,0.347
6776,0.362
6777,0.345
6778,0.621
6779,0.481
6780,0.541
6781,2.594
6782,2.977
6783,1.358
6784,1.472
6785,1.325
6786,1.320
6787,1.050
6788,0.637
6789,2.553
6790,2.598
6791,1.768
6792,0.552
6793,0.620
6794,0.700
6795,0.477
6796,0.404
6797,0.501
6798,0.502
6799,0.474
6800,0.347
6801,0.353
6802,0.616
6803,0.732
6804,1.365
6805,3.113
6806,3.524
6807,2.734
6808,1.521
6809,1.449
6810,1.662
6811,1.217
6812,0.607
6813,2.652
6814,3.871
6815,2.064
6816,0.845
6817,0.746
6818,0.738
6819,0.401
6820,0.346
6821,0.429
6822,0.389
6823,0.319
6824,0.326
6825,0.612
6826,0.723
6827,1.103
6828,1.028
6829,3.117
6830,2.770
6831,1.483
6832,1.511
6833,1.227
6834,2.355
6835,2.813
6836,0.996
6837,3.266
6838,3.273
6839,1.186
6840,1.007
6841,0.730
6842,0.740
6843,0.384
6844,0.357
6845,0.348
6846,0.343
6847,0.353
6848,0.354
6849,0.529
6850,0.959
6851,0.858
6852,1.103
6853,2.925
6854,2.936
6855,1.256
6856,1.264
6857,1.479
6858,1.360
6859,1.587
6860,1.415
6861,3.521
6862,2.354
6863,0.582
6864,0.683
6865,0.760
6866,0.752
6867,0.665
6868,0.425
6869,0.374
6870,0.365
6871,0.351
6872,0.349
6873,0.536
6874,0.735
6875,0.766
6876,1.188
6877,3.069
6878,2.451
6879,1.261
6880,1.248
6881,1.480
6882,1.578
6883,1.346
6884,0.711
6885,2.705
6886,2.446
6887,0.938
6888,1.952
6889,0.872
6890,0.703
6891,0.656
6892,0.531
6893,0.366
6894,0.448
6895,0.378
6896,0.335
6897,0.497
6898,0.698
6899,0.842
6900,1.042
6901,4.833
6902,2.370
6903,0.825
6904,0.794
6905,0.663
6906,0.735
6907,0.577
6908,0.761
6909,3.911
6910,3.016
6911,0.549
6912,0.759
6913,0.583
6914,0.639
6915,0.521
6916,0.369
6917,0.329
6918,0.332
6919,0.404
6920,0.416
6921,0.505
6922,0.695
6923,0.810
6924,0.925
6925,4.782
6926,2.462
6927,1.392
6928,1.290
6929,1.247
6930,0.889
6931,0.823
6932,0.876
6933,2.665
6934,1.665
6935,0.545
6936,0.593
6937,0.642
6938,0.721
6939,0.462
6940,0.373
6941,0.329
6942,0.350
6943,0.360
6944,0.338
6945,0.347
6946,0.561
6947,0.669
6948,0.827
6949,2.811
6950,1.844
6951,0.816
6952,0.896
6953,0.946
6954,1.017
6955,1.033
6956,0.840
6957,2.673
6958,1.665
6959,2.655
6960,0.667
6961,0.592
6962,0.747
6963,0.463
6964,0.360
6965,0.352
6966,0.348
6967,0.363
6968,0.349
6969,0.338
6970,0.617
6971,1.022
6972,1.156
6973,2.857
6974,1.909
6975,0.593
6976,1.312
6977,1.196
6978,0.990
6979,0.761
6980,0.669
6981,3.029
6982,2.336
6983,0.894
6984,0.638
6985,0.825
6986,0.601
6987,0.475
6988,0.361
6989,0.359
6990,0.335
6991,0.350
6992,0.382
6993,0.710
6994,0.847
6995,0.813
6996,0.928
6997,2.575
6998,1.974
6999,1.335
7000,1.313
7001,1.169
7002,1.172
7003,0.851
7004,1.531
7005,5.384
7006,3.374
7007,1.624
7008,3.038
7009,0.970
7010,0.648
7011,0.825
7012,0.584
7013,0.357
7014,0.345
7015,0.347
7016,0.353
7017,0.559
7018,1.076
7019,0.922
7020,1.008
7021,2.891
7022,2.290
7023,1.286
7024,1.273
7025,1.510
7026,1.174
7027,0.851
7028,0.734
7029,3.546
7030,4.018
7031,0.976
7032,0.767
7033,0.899
7034,0.763
7035,0.457
7036,0.367
7037,0.371
7038,0.320
7039,0.333
7040,0.355
7041,0.576
7042,0.747
7043,1.005
7044,1.124
7045,2.955
7046,2.458
7047,1.678
7048,2.697
7049,1.209
7050,1.124
7051,0.944
7052,0.509
7053,2.541
7054,1.663
7055,0.600
7056,0.917
7057,1.987
7058,1.893
7059,0.605
7060,0.346
7061,0.340
7062,0.357
7063,0.324
7064,0.348
7065,0.578
7066,0.744
7067,0.889
7068,1.119
7069,3.063
7070,2.900
7071,1.767
7072,5.586
7073,1.395
7074,1.165
7075,0.826
7076,0.514
7077,2.505
7078,1.672
7079,0.374
7080,0.702
7081,0.646
7082,0.808
7083,0.441
7084,0.372
7085,0.344
7086,0.354
7087,0.358
7088,0.346
7089,0.560
7090,0.780
7091,0.720
7092,1.124
7093,3.338
7094,5.069
7095,1.226
7096,1.206
7097,1.404
7098,1.764
7099,2.236
7100,2.846
7101,3.308
7102,2.436
7103,2.029
7104,1.259
7105,2.701
7106,0.758
7107,0.800
7108,0.584
7109,0.385
7110,0.366
7111,0.341
7112,0.367
7113,0.379
7114,0.642
7115,0.461
7116,0.970
7117,3.077
7118,2.345
7119,1.266
7120,1.303
7121,1.114
7122,0.860
7123,2.040
7124,0.399
7125,2.541
7126,1.629
7127,0.600
7128,0.600
7129,0.537
7130,0.577
7131,0.535
7132,0.325
7133,0.359
7134,0.344
7135,0.324
7136,0.350
7137,0.344
7138,0.685
7139,0.519
7140,1.043
7141,3.152
7142,2.586
7143,1.406
7144,1.396
7145,1.196
7146,1.259
7147,0.874
7148,0.548
7149,2.871
7150,2.667
7151,1.057
7152,1.413
7153,2.396
7154,0.770
7155,0.409
7156,0.356
7157,0.323
7158,0.352
7159,0.340
7160,0.322
7161,0.670
7162,0.868
7163,0.685
7164,0.935
7165,2.963
7166,2.537
7167,3.032
7168,3.062
7169,1.169
7170,1.145
7171,0.757
7172,0.565
7173,2.747
7174,2.018
7175,0.642
7176,1.537
7177,0.936
7178,0.801
7179,0.469
7180,0.363
7181,0.351
7182,0.343
7183,0.367
7184,0.335
7185,0.610
7186,0.789
7187,0.606
7188,1.132
7189,2.769
7190,1.866
7191,0.664
7192,0.571
7193,0.530
7194,0.601
7195,0.399
7196,0.496
7197,2.442
7198,1.659
7199,0.565
7200,0.657
7201,0.786
7202,0.643
7203,0.498
7204,0.379
7205,0.339
7206,0.325
7207,0.350
7208,0.347
7209,0.582
7210,0.800
7211,0.842
7212,0.719
7213,3.155
7214,2.275
7215,0.962
7216,1.145
7217,1.357
7218,1.115
7219,1.021
7220,0.620
7221,4.888
7222,2.402
7223,3.270
7224,2.542
7225,0.893
7226,0.788
7227,0.396
7228,0.578
7229,0.429
7230,0.492
7231,0.451
7232,0.361
7233,0.597
7234,0.829
7235,0.753
7236,0.793
7237,3.029
7238,2.589
7239,1.346
7240,1.284
7241,1.214
7242,1.109
7243,0.769
7244,1.306
7245,5.765
7246,1.937
7247,0.677
7248,0.724
7249,0.779
7250,0.682
7251,0.532
7252,0.450
7253,0.368
7254,0.332
7255,0.352
7256,0.310
7257,0.624
7258,0.828
7259,0.740
7260,0.932
7261,2.838
7262,2.306
7263,1.496
7264,1.239
7265,1.177
7266,1.188
7267,0.776
7268,0.661
7269,2.720
7270,1.880
7271,0.620
7272,0.672
7273,0.812
7274,0.776
7275,0.454
7276,0.334
7277,0.341
7278,0.318
7279,0.332
7280,0.346
7281,0.333
7282,0.668
7283,0.963
7284,0.918
7285,3.117
7286,2.497
7287,1.217
7288,1.331
7289,1.203
7290,1.195
7291,0.881
7292,0.554
7293,3.029
7294,2.139
7295,0.959
7296,0.804
7297,0.762
7298,0.807
7299,0.579
7300,0.370
7301,0.373
7302,0.352
7303,0.323
7304,0.322
7305,0.354
7306,0.715
7307,0.697
7308,0.695
7309,3.073
7310,3.319
7311,3.696
7312,4.109
7313,2.374
7314,1.308
7315,3.951
7316,0.671
7317,1.191
7318,1.343
7319,0.975
7320,0.651
7321,0.546
7322,0.590
7323,0.805
7324,0.459
7325,0.419
7326,0.346
7327,0.348
7328,0.352
7329,0.687
7330,0.797
7331,0.654
7332,0.485
7333,2.826
7334,1.976
7335,1.078
7336,0.974
7337,0.787
7338,0.991
7339,0.712
7340,1.331
7341,3.691
7342,3.020
7343,0.803
7344,0.700
7345,0.805
7346,0.740
7347,0.889
7348,0.689
7349,0.511
7350,0.305
7351,0.356
7352,0.344
7353,0.673
7354,0.854
7355,0.951
7356,0.946
7357,3.227
7358,2.370
7359,1.277
7360,1.283
7361,1.136
7362,1.154
7363,0.621
7364,1.959
7365,5.005
7366,4.362
7367,1.156
7368,0.734
7369,0.898
7370,0.820
7371,0.811
7372,0.393
7373,0.334
7374,0.310
7375,0.338
7376,0.298
7377,0.745
7378,0.822
7379,0.748
7380,0.969
7381,3.138
7382,2.476
7383,1.368
7384,1.262
7385,1.203
7386,2.059
7387,3.432
7388,2.109
7389,3.973
7390,1.750
7391,0.359
7392,0.596
7393,1.003
7394,2.653
7395,0.950
7396,0.430
7397,0.311
7398,0.327
7399,0.283
7400,0.312
7401,0.790
7402,0.823
7403,0.620
7404,0.651
7405,3.355
7406,2.773
7407,1.499
7408,1.179
7409,0.717
7410,0.963
7411,0.907
7412,0.452
7413,4.438
7414,2.338
7415,1.095
7416,2.364
7417,1.493
7418,0.809
7419,0.975
7420,0.769
7421,0.348
7422,0.373
7423,0.377
7424,0.514
7425,0.920
7426,0.946
7427,0.920
7428,0.999
7429,3.069
7430,2.644
7431,1.473
7432,1.229
7433,1.433
7434,3.073
7435,0.618
7436,0.529
7437,2.546
7438,2.689
7439,0.693
7440,1.364
7441,1.130
7442,0.807
7443,0.898
7444,0.453
7445,0.330
7446,0.357
7447,0.396
7448,0.347
7449,0.465
7450,0.808
7451,0.926
7452,0.930
7453,3.297
7454,2.457
7455,1.483
7456,1.404
7457,1.145
7458,1.088
7459,0.693
7460,0.561
7461,2.705
7462,1.879
7463,0.383
7464,0.506
7465,0.681
7466,0.766
7467,0.693
7468,0.829
7469,0.682
7470,0.404
7471,0.353
7472,0.345
7473,0.569
7474,0.901
7475,0.824
7476,1.058
7477,2.919
7478,1.947
7479,0.496
7480,0.478
7481,0.503
7482,0.662
7483,0.387
7484,0.306
7485,2.839
7486,1.845
7487,0.659
7488,0.566
7489,0.580
7490,0.635
7491,0.729
7492,0.433
7493,0.340
7494,0.305
7495,0.338
7496,0.622
7497,0.845
7498,0.902
7499,0.906
7500,0.934
7501,2.936
7502,2.181
7503,0.798
7504,0.907
7505,0.953
7506,0.891
7507,0.565
7508,0.534
7509,2.749
7510,1.972
7511,0.437
7512,1.171
7513,0.798
7514,0.929
7515,0.876
7516,0.552
7517,0.337
7518,0.320
7519,0.327
7520,0.486
7521,0.882
7522,0.897
7523,1.222
7524,1.080
7525,3.108
7526,2.276
7527,1.196
7528,1.335
7529,1.038
7530,1.026
7531,0.640
7532,0.411
7533,2.990
7534,2.491
7535,3.356
7536,1.196
7537,0.764
7538,0.902
7539,0.969
7540,0.527
7541,0.387
7542,0.304
7543,0.334
7544,0.531
7545,0.878
7546,0.921
7547,0.854
7548,1.224
7549,2.089
7550,1.170
7551,1.496
7552,1.235
7553,1.153
7554,1.238
7555,1.417
7556,2.127
7557,2.923
7558,2.636
7559,0.958
7560,2.412
7561,1.487
7562,0.939
7563,0.900
7564,0.327
7565,0.349
7566,0.325
7567,0.319
7568,0.588
7569,0.934
7570,0.950
7571,0.900
7572,1.295
7573,3.280
7574,2.497
7575,1.301
7576,1.183
7577,1.128
7578,1.073
7579,0.558
7580,0.344
7581,2.717
7582,1.941
7583,0.693
7584,1.243
7585,2.334
7586,1.663
7587,0.915
7588,0.350
7589,0.338
7590,0.331
7591,0.342
7592,0.560
7593,0.972
7594,0.831
7595,0.939
7596,1.008
7597,3.086
7598,2.394
7599,1.232
7600,1.200
7601,1.252
7602,1.097
7603,0.531
7604,0.458
7605,2.890
7606,3.281
7607,0.756
7608,1.282
7609,2.527
7610,0.749
7611,0.886
7612,0.413
7613,0.336
7614,0.307
7615,0.333
7616,0.302
7617,0.575
7618,0.854
7619,0.746
7620,1.170
7621,3.223
7622,2.602
7623,1.321
7624,1.189
7625,1.090
7626,1.020
7627,0.807
7628,2.506
7629,2.815
7630,1.752
7631,0.524
7632,0.550
7633,0.727
7634,0.535
7635,0.718
7636,0.409
7637,0.296
7638,0.319
7639,0.285
7640,0.321
7641,0.684
7642,0.804
7643,0.735
7644,0.631
7645,3.012
7646,2.418
7647,1.473
7648,1.450
7649,1.235
7650,1.297
7651,0.876
7652,0.678
7653,2.580
7654,2.203
7655,0.643
7656,0.781
7657,0.731
7658,0.611
7659,0.806
7660,0.353
7661,0.285
7662,0.360
7663,0.312
7664,0.970
7665,0.928
7666,0.909
7667,0.995
7668,0.914
7669,3.329
7670,2.482
7671,1.585
7672,1.378
7673,1.226
7674,1.202
7675,0.861
7676,0.495
7677,2.721
7678,3.998
7679,0.583
7680,1.270
7681,0.845
7682,0.938
7683,0.904
7684,0.405
7685,0.303
7686,0.301
7687,0.345
7688,0.604
7689,0.975
7690,0.725
7691,1.054
7692,1.163
7693,2.885
7694,2.241
7695,1.335
7696,1.083
7697,0.982
7698,0.946
7699,0.655
7700,0.417
7701,2.485
7702,2.054
7703,0.804
7704,1.325
7705,0.730
7706,0.736
7707,0.872
7708,0.721
7709,0.605
7710,0.330
7711,0.333
7712,0.665
7713,0.930
7714,0.767
7715,0.968
7716,0.826
7717,3.143
7718,2.404
7719,1.419
7720,1.158
7721,1.032
7722,0.970
7723,0.470
7724,0.495
7725,2.697
7726,2.228
7727,0.557
7728,3.181
7729,3.126
7730,0.823
7731,0.880
7732,0.343
7733,0.292
7734,0.319
7735,0.298
7736,0.587
7737,0.875
7738,0.654
7739,0.998
7740,1.071
7741,1.450
7742,1.222
7743,3.789
7744,1.306
7745,1.110
7746,2.075
7747,2.506
7748,2.084
7749,0.707
7750,2.848
7751,0.863
7752,1.232
7753,1.418
7754,2.372
7755,0.888
7756,0.536
7757,0.394
7758,0.347
7759,0.337
7760,0.579
7761,0.865
7762,0.729
7763,0.933
7764,0.898
7765,0.900
7766,3.156
7767,2.027
7768,3.556
7769,3.406
7770,1.131
7771,0.668
7772,1.164
7773,1.395
7774,2.981
7775,0.941
7776,1.195
7777,1.028
7778,2.847
7779,2.307
7780,0.645
7781,0.477
7782,0.327
7783,0.316
7784,0.332
7785,0.516
7786,0.741
7787,0.664
7788,1.120
7789,1.000
7790,3.293
7791,1.287
7792,1.125
7793,1.032
7794,0.880
7795,0.606
7796,0.534
7797,0.563
7798,2.697
7799,0.442
7800,1.491
7801,3.382
7802,2.106
7803,0.556
7804,0.680
7805,0.327
7806,0.323
7807,0.308
7808,0.298
7809,0.713
7810,0.757
7811,0.748
7812,0.909
7813,1.050
7814,3.608
7815,1.495
7816,1.333
7817,1.193
7818,0.969
7819,0.647
7820,0.570
7821,0.659
7822,2.721
7823,0.493
7824,3.015
7825,0.679
7826,0.535
7827,0.544
7828,0.640
7829,0.320
7830,0.322
7831,0.312
7832,0.831
7833,0.826
7834,0.869
7835,0.848
7836,0.763
7837,0.633
7838,2.747
7839,0.645
7840,1.008
7841,0.993
7842,1.039
7843,0.845
7844,0.620
7845,1.225
7846,4.530
7847,1.479
7848,1.024
7849,0.833
7850,0.886
7851,0.642
7852,0.784
7853,0.742
7854,0.328
7855,0.348
7856,0.662
7857,0.828
7858,0.746
7859,1.237
7860,0.832
7861,0.674
7862,3.035
7863,0.659
7864,1.089
7865,0.824
7866,0.910
7867,0.848
7868,1.538
7869,2.189
7870,4.168
7871,1.167
7872,1.309
7873,1.009
7874,3.171
7875,1.078
7876,0.829
7877,0.708
7878,0.366
7879,0.334
7880,0.700
7881,0.955
7882,0.838
7883,0.915
7884,0.846
7885,1.105
7886,3.305
7887,1.381
7888,1.083
7889,1.900
7890,1.372
7891,2.052
7892,1.440
7893,0.870
7894,2.782
7895,3.603
7896,1.891
7897,1.133
7898,0.877
7899,0.908
7900,0.602
7901,0.516
7902,0.452
7903,0.488
7904,0.786
7905,0.911
7906,0.894
7907,0.912
7908,1.192
7909,1.069
7910,3.602
7911,1.701
7912,1.527
7913,2.712
7914,1.730
7915,1.614
7916,1.466
7917,1.784
7918,4.480
7919,1.297
7920,1.341
7921,1.431
7922,1.298
7923,1.277
7924,0.611
7925,0.671
7926,0.846
7927,0.817
7928,1.054
7929,1.023
7930,0.922
7931,0.895
7932,0.952
7933,0.841
7934,3.621
7935,1.427
7936,1.170
7937,1.269
7938,1.098
7939,0.889
7940,0.763
7941,1.300
7942,4.957
7943,2.284
7944,1.280
7945,1.598
7946,1.728
7947,1.237
7948,0.866
7949,0.612
7950,0.445
7951,0.543
7952,0.521
7953,0.812
7954,0.844
7955,0.745
7956,1.009
7957,0.927
7958,3.973
7959,1.623
7960,1.679
7961,3.852
7962,1.317
7963,1.151
7964,0.751
7965,0.949
7966,3.230
7967,1.179
7968,1.334
7969,0.931
7970,1.088
7971,0.939
7972,0.669
7973,0.952
7974,0.534
7975,0.533
7976,0.586
7977,1.106
7978,1.032
7979,0.846
7980,1.414
7981,1.373
7982,3.237
7983,1.548
7984,1.535
7985,1.269
7986,1.034
7987,0.590
7988,0.442
7989,0.682
7990,2.883
7991,0.821
7992,0.724
7993,0.794
7994,1.258
7995,0.821
7996,0.660
7997,0.392
7998,0.361
7999,0.703
8000,0.987
8001,1.002
8002,1.026
8003,1.066
8004,0.903
8005,0.851
8006,3.145
8007,0.912
8008,0.728
8009,0.648
8010,0.826
8011,0.823
8012,0.819
8013,1.062
8014,3.423
8015,1.260
8016,1.095
8017,1.117
8018,1.112
8019,0.864
8020,0.662
8021,0.356
8022,0.288
8023,0.468
8024,0.825
8025,0.896
8026,1.034
8027,0.847
8028,1.340
8029,0.811
8030,3.716
8031,3.416
8032,1.097
8033,0.967
8034,0.980
8035,0.994
8036,2.873
8037,1.084
8038,3.331
8039,2.911
8040,3.022
8041,0.875
8042,0.973
8043,0.904
8044,0.436
8045,0.297
8046,0.318
8047,0.307
8048,0.846
8049,0.915
8050,0.824
8051,0.721
8052,0.851
8053,0.964
8054,3.060
8055,0.751
8056,0.803
8057,0.921
8058,0.626
8059,0.650
8060,0.736
8061,1.006
8062,2.640
8063,0.839
8064,1.051
8065,0.813
8066,0.751
8067,0.820
8068,0.495
8069,0.295
8070,0.305
8071,0.335
8072,0.775
8073,0.900
8074,0.717
8075,0.800
8076,1.098
8077,1.020
8078,3.053
8079,3.616
8080,0.794
8081,0.745
8082,0.594
8083,0.629
8084,0.779
8085,2.111
8086,4.114
8087,0.901
8088,0.984
8089,0.710
8090,0.968
8091,0.853
8092,0.722
8093,0.570
8094,0.342
8095,0.313
8096,0.750
8097,0.975
8098,0.742
8099,0.760
8100,1.306
8101,0.939
8102,3.539
8103,3.838
8104,1.253
8105,0.899
8106,0.008
8107,0.008
8108,0.301
8109,0.816
8110,2.810
8111,0.137
8112,0.887
8113,1.144
8114,0.879
8115,0.910
8116,0.426
8117,0.311
8118,0.333
8119,0.335
8120,0.340
8121,0.734
8122,0.821
8123,0.617
8124,1.055
8125,0.937
8126,3.025
8127,1.503
8128,1.150
8129,0.765
8130,0.720
8131,2.001
8132,1.255
8133,0.476
8134,2.640
8135,0.743
8136,0.703
8137,3.192
8138,3.046
8139,0.632
8140,0.658
8141,0.422
8142,0.337
8143,0.341
8144,0.348
8145,0.791
8146,0.806
8147,0.525
8148,0.774
8149,0.968
8150,3.085
8151,1.414
8152,1.516
8153,0.931
8154,0.348
8155,0.429
8156,0.532
8157,1.287
8158,3.173
8159,0.767
8160,0.620
8161,0.494
8162,0.516
8163,0.733
8164,0.481
8165,0.317
8166,0.320
8167,0.410
8168,0.799
8169,0.784
8170,0.872
8171,0.811
8172,0.562
8173,0.669
8174,2.803
8175,0.930
8176,0.844
8177,0.633
8178,0.759
8179,0.622
8180,0.405
8181,0.746
8182,3.171
8183,0.940
8184,1.174
8185,0.768
8186,1.043
8187,0.819
8188,0.618
8189,0.522
8190,0.303
8191,0.270
8192,0.691
8193,0.866
8194,0.873
8195,0.720
8196,1.030
8197,0.755
8198,2.692
8199,0.604
8200,0.450
8201,0.680
8202,0.463
8203,0.587
8204,0.691
8205,0.673
8206,3.175
8207,1.116
8208,0.998
8209,0.717
8210,0.688
8211,0.842
8212,0.534
8213,0.298
8214,0.303
8215,0.279
8216,0.654
8217,0.787
8218,0.661
8219,0.691
8220,1.000
8221,0.867
8222,2.933
8223,1.082
8224,0.924
8225,0.828
8226,0.719
8227,0.583
8228,0.379
8229,0.562
8230,3.014
8231,0.855
8232,1.156
8233,0.753
8234,0.919
8235,0.859
8236,0.691
8237,0.385
8238,0.338
8239,0.310
8240,0.631
8241,0.818
8242,0.662
8243,0.656
8244,0.852
8245,0.542
8246,2.813
8247,0.822
8248,0.702
8249,0.726
8250,0.706
8251,0.523
8252,0.406
8253,0.712
8254,3.818
8255,1.663
8256,4.031
8257,0.915
8258,0.908
8259,0.978
8260,0.490
8261,0.336
8262,0.342
8263,0.347
8264,0.670
8265,0.821
8266,0.726
8267,1.139
8268,0.847
8269,0.811
8270,3.007
8271,1.048
8272,0.839
8273,0.979
8274,0.836
8275,0.675
8276,0.465
8277,0.508
8278,2.651
8279,0.622
8280,1.015
8281,0.827
8282,0.837
8283,0.871
8284,0.422
8285,0.332
8286,0.327
8287,0.248
8288,0.312
8289,0.728
8290,0.795
8291,0.630
8292,0.992
8293,0.852
8294,3.574
8295,1.525
8296,1.463
8297,1.116
8298,0.929
8299,0.675
8300,1.265
8301,2.303
8302,3.007
8303,1.123
8304,1.298
8305,3.372
8306,0.721
8307,0.817
8308,0.610
8309,0.361
8310,0.369
8311,0.399
8312,0.370
8313,0.826
8314,0.724
8315,0.769
8316,0.573
8317,1.450
8318,2.939
8319,0.944
8320,0.942
8321,1.643
8322,3.136
8323,1.062
8324,0.699
8325,0.930
8326,3.594
8327,1.877
8328,1.101
8329,1.001
8330,0.760
8331,0.779
8332,0.571
8333,0.435
8334,0.339
8335,0.654
8336,0.938
8337,0.995
8338,0.948
8339,0.975
8340,0.918
8341,1.165
8342,2.309
8343,1.597
8344,1.252
8345,1.100
8346,0.948
8347,0.673
8348,0.430
8349,0.963
8350,1.826
8351,0.828
8352,1.300
8353,1.202
8354,0.915
8355,0.826
8356,0.441
8357,0.310
8358,0.344
8359,0.436
8360,0.946
8361,0.882
8362,1.178
8363,0.981
8364,0.978
8365,0.910
8366,2.071
8367,1.119
8368,1.143
8369,1.044
8370,0.900
8371,0.698
8372,0.422
8373,0.837
8374,2.009
8375,1.081
8376,1.328
8377,1.350
8378,1.093
8379,0.985
8380,0.436
8381,0.333
8382,0.467
8383,0.309
8384,0.870
8385,1.004
8386,0.866
8387,0.878
8388,0.881
8389,1.113
8390,2.216
8391,1.239
8392,1.469
8393,3.436
8394,0.865
8395,0.747
8396,0.583
8397,0.938
8398,1.878
8399,0.751
8400,1.206
8401,1.082
8402,2.389
8403,0.788
8404,0.595
8405,0.350
8406,0.351
8407,0.458
8408,0.956
8409,0.955
8410,0.883
8411,0.908
8412,1.040
8413,0.822
8414,2.300
8415,1.452
8416,1.218
8417,1.148
8418,0.813
8419,0.490
8420,0.542
8421,0.898
8422,1.938
8423,1.013
8424,1.296
8425,1.362
8426,3.394
8427,1.041
8428,0.680
8429,0.431
8430,0.405
8431,0.352
8432,0.923
8433,0.978
8434,0.794
8435,1.011
8436,0.756
8437,0.951
8438,2.395
8439,3.573
8440,1.488
8441,1.044
8442,0.785
8443,0.644
8444,0.669
8445,0.541
8446,2.677
8447,1.864
8448,1.487
8449,1.111
8450,3.010
8451,1.394
8452,0.644
8453,0.368
8454,0.326
8455,0.308
8456,0.308
8457,0.714
8458,0.737
8459,0.497
8460,0.979
8461,0.822
8462,2.140
8463,1.137
8464,1.323
8465,0.880
8466,1.228
8467,0.648
8468,0.493
8469,0.995
8470,2.074
8471,3.103
8472,2.189
8473,1.741
8474,2.205
8475,2.121
8476,0.668
8477,0.363
8478,0.349
8479,0.485
8480,0.488
8481,0.910
8482,0.899
8483,0.944
8484,0.686
8485,1.057
8486,1.688
8487,0.642
8488,0.723
8489,0.671
8490,0.435
8491,0.543
8492,0.509
8493,0.888
8494,2.232
8495,0.900
8496,0.925
8497,3.689
8498,2.824
8499,1.087
8500,0.528
8501,0.358
8502,0.352
8503,0.603
8504,0.886
8505,0.838
8506,0.887
8507,0.914
8508,0.680
8509,0.940
8510,2.244
8511,0.699
8512,0.831
8513,0.562
8514,0.342
8515,0.501
8516,0.671
8517,0.835
8518,4.729
8519,3.138
8520,1.640
8521,3.470
8522,3.515
8523,2.890
8524,0.828
8525,0.403
8526,0.343
8527,0.385
8528,0.942
8529,0.880
8530,0.706
8531,0.811
8532,0.624
8533,0.855
8534,1.872
8535,1.038
8536,3.349
8537,1.673
8538,2.248
8539,0.776
8540,0.496
8541,1.267
8542,2.059
8543,0.801
8544,1.356
8545,1.151
8546,3.924
8547,2.318
8548,2.728
8549,0.871
8550,0.486
8551,0.343
8552,0.816
8553,0.987
8554,0.739
8555,0.903
8556,0.983
8557,1.219
8558,5.008
8559,3.545
8560,2.077
8561,2.952
8562,1.979
8563,1.025
8564,0.360
8565,0.522
8566,1.679
8567,0.660
8568,0.865
8569,0.668
8570,0.603
8571,0.444
8572,0.277
8573,0.290
8574,0.297
8575,0.361
8576,0.794
8577,0.801
8578,0.756
8579,0.792
8580,0.419
8581,0.481
8582,1.602
8583,0.622
8584,0.799
8585,0.784
8586,0.576
8587,0.580
8588,0.257
8589,0.400
8590,1.556
8591,0.861
8592,0.750
8593,0.572
8594,0.684
8595,0.563
8596,0.235
8597,0.254
8598,0.285
8599,0.568
8600,0.736
8601,0.794
8602,0.776
8603,0.791
8604,0.519
8605,0.550
8606,1.867
8607,0.746
8608,1.068
8609,0.984
8610,0.815
8611,0.558
8612,0.261
8613,0.378
8614,1.656
8615,0.898
8616,0.792
8617,0.636
8618,0.689
8619,0.655
8620,0.270
8621,0.240
8622,0.284
8623,0.337
8624,0.792
8625,0.790
8626,0.827
8627,0.732
8628,0.542
8629,0.626
8630,1.889
8631,1.122
8632,1.107
8633,0.995
8634,0.829
8635,0.586
8636,0.251
8637,0.361
8638,1.522
8639,0.405
8640,0.424
8641,0.396
8642,0.477
8643,0.296
8644,0.308
8645,0.374
8646,0.399
8647,0.878
8648,0.863
8649,0.886
8650,0.869
8651,0.731
8652,0.547
8653,0.640
8654,1.594
8655,0.572
8656,0.666
8657,0.678
8658,0.597
8659,0.529
8660,0.266
8661,0.406
8662,1.530
8663,0.412
8664,0.484
8665,0.386
8666,0.326
8667,0.347
8668,0.230
8669,0.288
8670,0.711
8671,0.739
8672,0.883
8673,0.778
8674,0.779
8675,0.848
8676,0.519
8677,0.555
8678,1.854
8679,0.978
8680,0.931
8681,0.419
8682,0.337
8683,0.398
8684,0.220
8685,0.443
8686,2.104
8687,1.040
8688,0.835
8689,0.792
8690,0.801
8691,0.656
8692,0.338
8693,0.363
8694,0.599
8695,0.817
8696,0.832
8697,0.846
8698,0.854
8699,0.894
8700,0.658
8701,0.689
8702,1.896
8703,1.076
8704,1.076
8705,0.977
8706,0.828
8707,0.604
8708,0.256
8709,0.349
8710,2.023
8711,0.928
8712,0.732
8713,0.828
8714,1.850
8715,1.891
8716,0.770
8717,0.553
8718,0.589
8719,1.114
8720,1.082
8721,0.968
8722,0.872
8723,1.209
8724,1.082
8725,1.149
8726,2.257
8727,1.321
8728,0.961
8729,0.807
8730,0.630
8731,1.038
8732,0.692
8733,1.667
8734,3.322
8735,2.085
8736,1.568
8737,1.247
8738,0.953
8739,0.901
8740,0.717
8741,0.751
8742,0.617
8743,0.842
8744,1.015
8745,0.922
8746,0.777
8747,0.834
8748,1.210
8749,0.968
8750,2.218
8751,1.358
8752,1.391
8753,1.456
8754,1.191
8755,0.955
8756,0.692
8757,0.913
8758,2.823
8759,1.434
8760,1.729
